StormID,Time,Start,End,Ini_Lat,Ini_Lon,Ini_Time,,Lat_2,Lon_2,Time_2,,Lat_3,Lon_3,Time_3,,Distance1,Distance2,,Total Distance KM,Total Distance m,,Time1,Time2,TotalTime(S),,ObservedMotion(m/s),,,,Distance1_U,,Distance2_U,TotalD_U_dist,TotalU_Vector,,,Distance1_V,,Distance2_V,TotalD_V_dist,TotalV_Vector,,,TotalU_Vector,TotalV_Vector,,U**2,V**2,Mag,,AngleRad,AngleDeg
1,19,18:27,19:32,34.06054,-98.87469,18:46,1/0/1900 18:46,34.14523,-98.81556,19:00,1/0/1900 19:00,34.22128,-98.73374,19:16,1/0/1900 19:16,10.86368805,11.31618237,,22.17987043,22179.87043,,840,960,1800,,12.32215024,,,1,5.458833944,1,7.546034747,13.00486869,7.224927051,,1,9.394174375,1,8.435899516,17.83007389,9.905596606,,,7.224927051,9.905596606,,52.19957089,98.12084412,12.26052262,,0.940624271,53.89380086
2,20,19:37,20:13,34.45633,-98.6349,19:47,1/0/1900 19:47,34.56229,-98.5193,20:03,1/0/1900 20:03,34.61264,-98.44109,20:08,1/0/1900 20:08,15.83834307,9.092987292,,24.93133036,24931.33036,,960,300,1260,,19.78677013,,,2,10.62223425,2,7.177458062,17.79969231,14.12673993,,2,11.75431431,2,5.585478618,17.33979293,13.76174042,,,14.12673993,13.76174042,,199.564781,189.3854994,19.72182244,,0.772311087,44.25016576
4,20,19:42,20:46,33.76836,-99.16289,19:47,1/0/1900 19:47,33.90135,-99.10258,20:03,1/0/1900 20:03,33.97503,-99.05288,20:13,1/0/1900 20:13,15.77216486,9.375782368,,25.14794723,25147.94723,,960,600,1560,,16.12047899,,,4,5.586804527,4,4.59682477,10.1836293,6.527967498,,4,14.75117191,4,8.172679182,22.92385109,14.69477634,,,6.527967498,14.69477634,,42.61435965,215.9364517,16.07951527,,1.152745002,66.04742347
5,20,19:58,20:46,33.37762,-99.27945,19:58,1/0/1900 19:58,33.51325,-99.20326,20:13,1/0/1900 20:13,null,null,null,null,16.62766652,0,,16.62766652,16627.66652,,900,#VALUE!,900,,18.47518502,,,5,7.089714559,,0,7.089714559,7.877460621,,5,15.04305017,,0,15.04305017,16.71450019,,,7.877460621,16.71450019,,62.05438584,279.3745166,18.47779485,,1.130375263,64.76573184
6,20,19:39,20:49,34.47572,-97.20956,19:45,1/0/1900 19:45,34.64269,-97.12865,20:02,1/0/1900 20:02,34.73959,-97.06947,20:16,1/0/1900 20:16,19.95539117,12.03989029,,31.99528145,31995.28145,,1020,840,1860,,17.20176422,,,6,7.432926353,6,5.425812769,12.85873912,6.913300603,,6,18.522404,6,10.74959477,29.27199877,15.73763375,,,6.913300603,15.73763375,,47.79372523,247.673116,17.18914894,,1.156888949,66.28485416
7,22,21:26,22:23,34.62255,-97.5536,21:48,1/0/1900 21:48,34.69507,-97.51481,21:58,1/0/1900 21:58,34.80919,-97.4432,22:13,1/0/1900 22:13,8.795702368,14.25719808,,23.05290045,23052.90045,,600,900,1500,,15.3686003,,,7,3.557251631,7,6.561303989,10.11855562,6.745703747,,7,8.044958409,7,12.66002125,20.70497966,13.80331977,,,6.745703747,13.80331977,,45.50451904,190.5316367,15.36346822,,1.116228264,63.95516853
8,22,21:59,22:25,34.50377,-97.43682,21:59,1/0/1900 21:59,34.65878,-97.33886,22:18,1/0/1900 22:18,null,null,null,null,19.40295996,0,,19.40295996,19402.95996,,1140,#VALUE!,1140,,17.02014032,,,8,8.996239212,,0,8.996239212,7.891437905,,8,17.19571326,,0,17.19571326,15.083959,,,7.891437905,15.083959,,62.27479221,227.5258191,17.02353111,,1.088786918,62.38289521
10,0,xxx,xxx,36.30757,-97.54001,23:44,1/0/1900 23:44,36.34703,-97.43562,23:58,1/0/1900 23:58,36.39506,-97.29412,0:13,1/0/1900 0:13,10.3454636,13.77127667,,24.11674027,24116.74027,,840,900,1740,,13.86019556,,,10,9.375503312,10,12.70203025,22.07753356,12.68823768,,10,4.378682035,10,5.32969187,9.708373905,5.579525233,,,12.68823768,5.579525233,,160.9913754,31.13110183,13.86082527,,0.414288999,23.73701112
10,1,xxx,xxx,36.47612,-96.9975,0:43,1/0/1900 0:43,36.50073,-96.79144,0:57,1/0/1900 0:57,36.60107,-96.6405,1:17,1/0/1900 1:17,18.66475347,17.51026036,,36.17501383,36175.01383,,840,1200,2040,,17.73284992,,,10,18.46680586,10,13.52275239,31.98955825,15.681156,,10,2.730924453,10,11.13465406,13.86557851,6.796852212,,,15.681156,6.796852212,,245.8986535,46.19719999,17.09081196,,0.408998271,23.43387475
10,22,21:59,1:27,35.70873,-98.01893,21:59,1/0/1900 21:59,35.85324,-97.94466,22:18,1/0/1900 22:18,null,null,null,null,17.38339665,0,,17.38339665,17383.39665,,1140,#VALUE!,1140,,15.24859355,,,10,6.720994604,,0,6.720994604,5.895609302,,10,16.03409926,,0,16.03409926,14.06499935,,,5.895609302,14.06499935,,34.75820904,197.8242067,15.25065296,,1.173875083,67.25808793
10,23,xxx,xxx,35.98655,-97.85456,22:43,1/0/1900 22:43,36.07383,-97.79269,22:58,1/0/1900 22:58,36.1637,-97.7759,23:13,1/0/1900 23:13,11.17522379,10.08599552,,21.26121931,21261.21931,,900,900,1800,,11.81178851,,,10,5.57937436,10,1.512436008,7.091810368,3.939894649,,10,9.68455044,10,9.972083392,19.65663383,10.92035213,,,3.939894649,10.92035213,,15.52276985,119.2540906,11.60934367,,1.224546356,70.16133802
11,22,21:48,23:32,32.90389,-99.70187,21:48,1/0/1900 21:48,32.95794,-99.60088,21:58,1/0/1900 21:58,33.03791,-99.63657,22:13,1/0/1900 22:13,11.18675248,9.475477573,,20.66223005,20662.23005,,600,900,1500,,13.77482003,,,11,9.448059005,11,3.336926845,12.78498585,8.5233239,,11,5.994319508,11,8.869026487,14.863346,9.90889733,,,8.5233239,9.90889733,,72.6470503,98.1862463,13.07032121,,0.860428318,49.29891121
11,23,xxx,xxx,33.29483,-99.45808,22:46,1/0/1900 22:46,33.44038,-99.40788,23:01,1/0/1900 23:01,33.59474,-99.31809,23:16,1/0/1900 23:16,16.80551453,19.04474507,,35.8502596,35850.2596,,900,900,1800,,19.91681089,,,11,4.675686128,11,8.349230084,13.02491621,7.236064562,,11,16.14309846,11,17.12063918,33.26373764,18.47985424,,,7.236064562,18.47985424,,52.36063035,341.5050127,19.84604855,,1.197582564,68.61642651
12,0,xxx,xxx,33.90237,-98.94757,23:48,1/0/1900 23:48,33.93602,-98.88261,0:03,1/0/1900 0:03,33.981,-98.80474,0:14,1/0/1900 0:14,7.072158658,8.757662419,,15.82982108,15829.82108,,900,660,1560,,10.14732121,,,12,6.008172618,12,7.199392152,13.20756477,8.466387673,,12,3.732489204,12,4.989255225,8.721744429,5.590861813,,,8.466387673,5.590861813,,71.67972023,31.25773581,10.14580978,,0.583623571,33.43916746
12,1,xxx,xxx,34.07022,-98.5717,0:45,1/0/1900 0:45,34.10789,-98.48523,1:01,1/0/1900 1:01,34.16045,-98.36721,1:17,1/0/1900 1:17,9.007939019,12.34900952,,21.35694854,21356.94854,,960,960,1920,,11.1234107,,,12,7.981932893,12,10.88944787,18.87138076,9.828844147,,12,4.178506913,12,5.830208107,10.00871502,5.212872406,,,9.828844147,5.212872406,,96.60617727,27.17403872,11.12565576,,0.487643292,27.93990255
12,2,xxx,xxx,34.23203,-98.36105,1:48,1/0/1900 1:48,34.32658,-98.26017,2:02,1/0/1900 2:02,null,null,null,null,14.01037558,0,,14.01037558,14010.37558,,840,#VALUE!,840,,16.67901855,,,12,9.294360313,,0,9.294360313,11.06471466,,12,10.48818955,,0,10.48818955,12.48593994,,,11.06471466,12.48593994,,122.4279105,155.8986962,16.68312341,,0.845672656,48.45347403
12,23,22:46,2:02,33.57045,-99.32433,22:46,1/0/1900 22:46,33.67553,-99.25773,23:01,1/0/1900 23:01,33.7451,-99.14473,23:16,1/0/1900 23:16,13.19204718,13.01020947,,26.20225664,26202.25664,,900,900,1800,,14.55680924,,,12,6.183623525,12,10.47900518,16.66262871,9.257015947,,12,11.65501073,12,7.716507144,19.37151787,10.76195437,,,9.257015947,10.76195437,,85.69234424,115.8196619,14.19549246,,0.860432642,49.29915896
13,0,xxx,xxx,34.88439,-98.27028,23:48,1/0/1900 23:48,35.04715,-98.19302,0:03,1/0/1900 0:03,35.13872,-98.12077,0:14,1/0/1900 0:14,19.38621596,12.10818141,,31.49439737,31494.39737,,900,660,1560,,20.18871626,,,13,7.062829361,13,6.591784507,13.65461387,8.752957608,,13,18.05658596,13,10.15898434,28.2155703,18.08690404,,,8.752957608,18.08690404,,76.61426689,327.1360978,20.09354037,,1.120079906,64.1758513
13,1,xxx,xxx,35.39722,-97.94353,0:45,1/0/1900 0:45,35.44472,-97.91882,0:51,1/0/1900 0:51,null,null,null,null,5.727951548,0,,5.727951548,5727.951548,,360,#VALUE!,360,,15.91097652,,,13,2.244775514,,0,2.244775514,6.235487539,,13,5.270044426,,0,5.270044426,14.63901229,,,6.235487539,14.63901229,,38.88130485,214.3006808,15.91169336,,1.168121281,66.92841938
13,23,22:32,0:51,34.39555,-98.54472,22:46,1/0/1900 22:46,34.51619,-98.48418,23:01,1/0/1900 23:01,34.65338,-98.42749,23:16,1/0/1900 23:16,14.49282582,16.08311457,,30.57594038,30575.94038,,900,900,1800,,16.98663354,,,13,5.566917564,13,5.20540177,10.77231933,5.984621852,,13,13.38267324,13,15.21889723,28.60157047,15.88976137,,,5.984621852,15.88976137,,35.81569871,252.4845164,16.97940562,,1.210594018,69.36192795
14,23,23:01,23:08,34.46688,-97.80047,23:01,1/0/1900 23:01,34.50304,-97.81128,23:06,1/0/1900 23:06,null,null,null,null,4.132346042,0,,4.132346042,4132.346042,,300,#VALUE!,300,,13.77448681,,,14,0.993182656,,0,0.993182656,3.310608853,,14,4.011271311,,0,4.011271311,13.37090437,,,3.310608853,13.37090437,,10.96013098,178.7810837,13.77465842,,1.328079667,76.09335979
15,23,22:46,23:32,34.56154,-97.84374,22:46,1/0/1900 22:46,34.68911,-97.78136,23:01,1/0/1900 23:01,34.83467,-97.7437,23:16,1/0/1900 23:16,15.26423067,16.51185964,,31.77609031,31776.09031,,900,900,1800,,17.65338351,,,15,5.724764825,15,3.450864749,9.175629574,5.097571986,,15,14.15181605,15,16.1478764,30.29969245,16.83316247,,,5.097571986,16.83316247,,25.98524015,283.3553587,17.58808116,,1.276746023,73.15215865
16,23,23:01,23:11,34.9207,-98.52563,23:01,1/0/1900 23:01,34.97231,-98.48142,23:11,1/0/1900 23:11,null,null,null,null,7.0065459,0,,7.0065459,7006.5459,,600,#VALUE!,600,,11.6775765,,,16,4.039739685,,0,4.039739685,6.732899475,,16,5.725592515,,0,5.725592515,9.542654192,,,6.732899475,9.542654192,,45.33193534,91.06224903,11.67879208,,0.95634965,54.7947987
17,0,23:11,0:56,34.09097,-98.96378,23:48,1/0/1900 23:48,34.22563,-98.866,0:03,1/0/1900 0:03,34.34231,-98.80875,0:14,1/0/1900 0:14,17.44759642,13.97530393,,31.42290035,31422.90035,,900,660,1560,,20.14288484,,,17,9.02374308,17,5.275003919,14.298747,9.165863461,,17,14.93719399,17,12.9430237,27.88021769,17.87193442,,,9.165863461,17.87193442,,84.01305299,319.4060399,20.08529544,,1.096910927,62.84836663
17,1,xxx,xxx,34.62629,-98.56709,0:45,1/0/1900 0:45,34.69033,-98.43707,0:56,1/0/1900 0:56,null,null,null,null,13.87511228,0,,13.87511228,13875.11228,,660,#VALUE!,660,,21.02289739,,,17,11.9229976,,0,11.9229976,18.06514788,,17,7.104234613,,0,7.104234613,10.76399184,,,18.06514788,10.76399184,,326.3495679,115.8635203,21.02886322,,0.537357273,30.78830385
18,0,23:27,0:35,34.31041,-98.75706,23:48,1/0/1900 23:48,34.41827,-98.67049,0:03,1/0/1900 0:03,34.48473,-98.68887,0:14,1/0/1900 0:14,14.37264179,7.563442259,,21.93608405,21936.08405,,900,660,1560,,14.06159234,,,18,7.968542084,18,1.689664489,9.658206573,6.19115806,,18,11.96480021,18,7.372445504,19.33724571,12.39567033,,,6.19115806,12.39567033,,38.33043812,153.6526429,13.85579594,,1.107579742,63.45964469
19,0,23:53,1:22,34.60451,-98.59406,23:53,1/0/1900 23:53,34.65377,-98.55429,0:03,1/0/1900 0:03,34.72104,-98.52937,0:14,1/0/1900 0:14,6.569721653,7.804144958,,14.37386661,14373.86661,,600,660,1260,,11.40783064,,,19,3.64791196,19,2.284441849,5.932353809,4.708217309,,19,5.464599,19,7.46258819,12.92718719,10.25967237,,,4.708217309,10.25967237,,22.16731023,105.2608771,11.28840943,,1.140561535,65.34936225
19,1,xxx,xxx,34.98505,-98.44541,0:45,1/0/1900 0:45,35.03225,-98.33886,1:01,1/0/1900 1:01,35.11867,-98.23526,1:17,1/0/1900 1:17,11.04580142,13.46110089,,24.5069023,24506.9023,,960,960,1920,,12.76401161,,,19,9.728522789,19,9.453741812,19.1822646,9.990762813,,19,5.236402594,19,9.587603924,14.82400652,7.720836728,,,9.990762813,7.720836728,,99.81534159,59.61131978,12.6264271,,0.657932588,37.69676049
20,0,23:32,0:30,34.76326,-98.42255,23:48,1/0/1900 23:48,34.87746,-98.35884,0:03,1/0/1900 0:03,34.94016,-98.3255,0:14,1/0/1900 0:14,13.94552552,7.593934397,,21.53945991,21539.45991,,900,660,1560,,13.8073461,,,20,5.832670301,20,3.048077936,8.880748237,5.692787331,,20,12.66903842,20,6.955869391,19.62490781,12.58006911,,,5.692787331,12.58006911,,32.4078276,158.2581388,13.80818476,,1.145845151,65.65209112
21,1,0:30,1:57,34.27565,-99.14723,0:45,1/0/1900 0:45,34.3511,-99.11397,1:01,1/0/1900 1:01,34.43666,-99.07063,1:17,1/0/1900 1:17,8.911845792,10.2939207,,19.2057665,19205.7665,,960,960,1920,,10.00300339,,,21,3.062757209,21,3.9874082,7.050165409,3.671961151,,21,8.369522049,21,9.491129764,17.86065181,9.302422819,,,3.671961151,9.302422819,,13.48329869,86.5350703,10.00091841,,1.194839824,68.4592791
21,2,xxx,xxx,34.56083,-99.03615,1:43,1/0/1900 1:43,34.63991,-99.0485,1:57,1/0/1900 1:57,null,null,null,null,8.845447933,0,,8.845447933,8845.447933,,840,#VALUE!,840,,10.53029516,,,21,1.133399286,,0,1.133399286,1.349284864,,21,8.772603478,,0,8.772603478,10.44357557,,,1.349284864,10.44357557,,1.820569644,109.0682707,10.53037703,,1.442310472,82.63830277
22,1,0:51,1:33,35.08721,-98.47652,0:51,1/0/1900 0:51,35.18051,-98.4531,1:01,1/0/1900 1:01,35.30656,-98.36778,1:17,1/0/1900 1:17,10.56876947,15.99604689,,26.56481636,26564.81636,,600,960,1560,,17.02872844,,,22,2.135698086,22,7.771563157,9.907261243,6.350808489,,22,10.3509845,22,13.98462242,24.33560692,15.59974803,,,6.350808489,15.59974803,,40.33276846,243.3521386,16.84294829,,1.184175977,67.8482857
23,2,1:52,4:08,34.38779,-99.88203,1:52,1/0/1900 1:52,34.41842,-99.81751,2:02,1/0/1900 2:02,34.5002,-99.75704,2:17,1/0/1900 2:17,6.836505692,10.63821558,,17.47472127,17474.72127,,600,900,1500,,11.64981418,,,23,5.93344348,23,5.558967783,11.49241126,7.661607509,,23,3.39777634,23,9.071913407,12.46968975,8.313126498,,,7.661607509,8.313126498,,58.70022962,69.10807217,11.30523338,,0.826159913,47.33547623
23,3,xxx,xxx,34.62144,-99.66269,2:43,1/0/1900 2:43,34.68066,-99.60857,2:59,1/0/1900 2:59,34.75971,-99.54811,3:15,1/0/1900 3:15,8.232502533,10.37172659,,18.60422912,18604.22912,,960,960,1920,,9.689702667,,,23,4.963161137,23,5.540639394,10.50380053,5.470729443,,23,6.569523296,23,8.769448133,15.33897143,7.989047619,,,5.470729443,7.989047619,,29.92888064,63.82488186,9.682652658,,0.970359232,55.59748858
23,4,xxx,xxx,34.9311,-99.46371,3:45,1/0/1900 3:45,35.0056,-99.47487,3:57,1/0/1900 3:57,35.06271,-99.44843,4:08,1/0/1900 4:08,8.327629804,6.779670104,,15.10729991,15107.29991,,720,660,1380,,10.94731878,,,23,1.019629204,23,2.413494746,3.43312395,2.487770978,,23,8.265029638,23,6.335851937,14.60088158,10.58034897,,,2.487770978,10.58034897,,6.189004439,111.9437843,10.86889087,,1.339859962,76.76832097
24,2,1:06,5:48,34.46344,-99.54986,1:43,1/0/1900 1:43,34.53394,-99.47198,1:57,1/0/1900 1:57,34.68169,-99.43919,2:17,1/0/1900 2:17,10.59823641,16.6640614,,27.26229781,27262.29781,,840,1200,2040,,13.36387148,,,24,7.155618543,24,3.010212016,10.16583056,4.983250274,,24,7.82066549,24,16.39041161,24.2110771,11.86817505,,,4.983250274,11.86817505,,24.83278329,140.853579,12.87192147,,1.173267414,67.22327104
24,3,xxx,xxx,34.86172,-99.28538,2:43,1/0/1900 2:43,34.83614,-99.32597,2:59,1/0/1900 2:59,34.92568,-99.26578,3:15,1/0/1900 3:15,4.672617804,11.35567367,,16.02829147,16028.29147,,960,960,1920,,8.348068474,,,24,3.71160954,24,5.505565904,9.217175444,4.80061221,,24,2.837789205,24,9.933423944,12.77121315,6.651673515,,,4.80061221,6.651673515,,23.04587759,44.24476055,8.20308711,,0.945644747,54.18145294
24,4,xxx,xxx,34.99673,-99.13245,3:45,1/0/1900 3:45,35.00875,-99.06847,3:57,1/0/1900 3:57,35.05752,-98.96629,4:14,1/0/1900 4:14,5.990723773,10.78020155,,16.77092532,16770.92532,,720,1020,1740,,9.638462828,,,24,5.840849339,24,9.326831696,15.16768104,8.717058066,,24,1.333506309,24,5.410601417,6.744107726,3.87592398,,,8.717058066,3.87592398,,75.98710133,15.0227867,9.539910273,,0.418384866,23.97168703
24,5,xxx,xxx,35.19439,-98.78398,4:47,1/0/1900 4:47,35.22559,-98.74451,4:58,1/0/1900 4:58,35.26094,-98.6736,5:16,1/0/1900 5:16,4.989786559,7.552206657,,12.54199322,12541.99322,,660,1080,1740,,7.20804208,,,24,3.59460208,24,6.45542787,10.05002995,5.775879282,,24,3.461466055,24,3.92190702,7.383373075,4.243317859,,,5.775879282,4.243317859,,33.36078148,18.00574645,7.167044574,,0.633612174,36.30330341
27,2,1:52,2:12,35.88509,-98.72697,1:52,1/0/1900 1:52,35.9317,-98.68839,2:02,1/0/1900 2:02,35.99664,-98.6394,2:12,1/0/1900 2:12,6.234959883,8.45279538,,14.68775526,14687.75526,,600,600,1200,,12.23979605,,,27,3.483554402,27,4.42092466,7.904479062,6.587065885,,27,5.171719914,27,7.205634382,12.3773543,10.31446191,,,6.587065885,10.31446191,,43.38943697,106.3881245,12.23836433,,1.002459705,57.43671023
28,3,2:12,3:25,34.96268,-99.22034,2:43,1/0/1900 2:43,35.10598,-99.11099,2:59,1/0/1900 2:59,35.20392,-99.02529,3:15,1/0/1900 3:15,18.76983103,13.38058539,,32.15041642,32150.41642,,960,960,1920,,16.74500855,,,28,9.98689104,28,7.81329545,17.80018649,9.270930464,,28,15.89787446,28,10.86579804,26.7636725,13.93941276,,,9.270930464,13.93941276,,85.95015167,194.3072281,16.74088946,,0.983887726,56.3726142
30,4,3:57,6:53,34.99516,-99.28853,3:57,1/0/1900 3:57,35.0905,-99.15173,4:14,1/0/1900 4:14,null,null,null,null,16.36059531,0,,16.36059531,16360.59531,,1020,#VALUE!,1020,,16.03979932,,,30,12.48895593,,0,12.48895593,12.24407444,,30,10.57714917,,0,10.57714917,10.36975409,,,12.24407444,10.36975409,,149.9173589,107.5317999,16.0452223,,0.702703368,40.26193721
30,5,xxx,xxx,35.25523,-98.98879,4:47,1/0/1900 4:47,35.27178,-98.93248,4:58,1/0/1900 4:58,35.28641,-98.86933,5:16,1/0/1900 5:16,5.442960405,5.970087976,,11.41304838,11413.04838,,660,1080,1740,,6.559223207,,,30,5.12442411,30,5.745721708,10.87014582,6.24721024,,30,1.836146498,30,1.623135506,3.459282004,1.988093106,,,6.24721024,1.988093106,,39.02763578,3.952514198,6.5559248,,0.30810284,17.65299237
30,6,xxx,xxx,35.30761,-98.66242,5:48,1/0/1900 5:48,35.34317,-98.54339,6:03,1/0/1900 6:03,35.38057,-98.45948,6:14,1/0/1900 6:14,11.51950183,8.681897768,,20.20139959,20201.39959,,900,660,1560,,12.94961512,,,30,10.82520889,30,7.62787232,18.45308121,11.82889821,,30,3.945259147,30,4.149425883,8.09468503,5.18890066,,,11.82889821,5.18890066,,139.9228329,26.92469006,12.91694712,,0.41338623,23.68528632
30,7,xxx,xxx,35.47522,-98.20975,6:43,1/0/1900 6:43,35.45872,-98.14683,6:53,1/0/1900 6:53,null,null,null,null,5.997263882,0,,5.997263882,5997.263882,,600,#VALUE!,600,,9.995439803,,,30,5.710445942,,0,5.710445942,9.517409903,,30,1.830660987,,0,1.830660987,3.051101645,,,9.517409903,3.051101645,,90.58109126,9.309221248,9.994514121,,0.31022997,17.77486794
32,3,2:54,3:51,35.17844,-99.09502,2:54,1/0/1900 2:54,35.20705,-99.07338,2:59,1/0/1900 2:59,35.30039,-98.94476,3:15,1/0/1900 3:15,3.736196013,15.62846471,,19.36466072,19364.66072,,300,960,1260,,15.36877835,,,32,1.971177863,32,11.71183057,13.68300843,10.8595305,,32,3.174110937,32,10.35562759,13.52973853,10.73788772,,,10.8595305,10.73788772,,117.9294027,115.3022327,15.27192311,,0.77976594,44.67729734
32,4,xxx,xxx,35.54588,-98.83688,3:45,1/0/1900 3:45,35.58972,-98.82603,3:51,1/0/1900 3:51,null,null,null,null,4.962543161,0,,4.962543161,4962.543161,,360,#VALUE!,360,,13.78484211,,,32,0.983853808,,0,0.983853808,2.732927244,,32,4.864092242,,0,4.864092242,13.51136734,,,2.732927244,13.51136734,,7.468891321,182.5570474,13.78498962,,1.371220241,78.56513261
34,20,19:50,19:56,34.41107,-97.20614,19:50,1/0/1900 19:50,34.45209,-97.17524,19:56,1/0/1900 19:56,null,null,null,null,5.363984,0,,5.363984,5363.984,,360,#VALUE!,360,,14.89995556,,,34,2.840865458,,0,2.840865458,7.891292939,,34,4.550357019,,0,4.550357019,12.63988061,,,7.891292939,12.63988061,,62.27250425,159.7665818,14.90097601,,1.012688274,58.02276408
35,21,20:16,22:25,35.17916,-96.68033,20:42,1/0/1900 20:42,35.26481,-96.5741,20:56,1/0/1900 20:56,35.38925,-96.45061,21:16,1/0/1900 21:16,13.55836912,17.79555942,,31.35392854,31353.92854,,840,1200,2040,,15.36957281,,,35,9.676357133,35,11.23673654,20.91309367,10.25151651,,35,9.502408858,35,13.80619185,23.30860071,11.42578466,,,10.25151651,11.42578466,,105.0935908,130.5485551,15.35063992,,0.839515673,48.10070493
35,22,xxx,xxx,35.56996,-96.26898,21:47,1/0/1900 21:47,35.61198,-96.23565,21:59,1/0/1900 21:59,35.67369,-96.14314,22:18,1/0/1900 22:18,5.555170861,10.82029347,,16.37546433,16375.46433,,720,1140,1860,,8.804013081,,,35,3.021386281,35,8.381710677,11.40309696,6.130697289,,35,4.662179363,35,6.846872211,11.50905157,6.187662137,,,6.130697289,6.187662137,,37.58544925,38.28716272,8.710488618,,0.790022516,45.26495591
36,20,19:39,21:09,34.95205,-97.10799,19:45,1/0/1900 19:45,35.08263,-97.01115,20:02,1/0/1900 20:02,35.15872,-96.98102,20:16,1/0/1900 20:16,16.97003312,8.877179385,,25.84721251,25847.21251,,1020,840,1860,,13.89635081,,,36,8.845499964,36,2.74774467,11.59324463,6.232927223,,36,14.48666171,36,8.441636584,22.92829829,12.32704209,,,6.232927223,12.32704209,,38.84938177,151.9559667,13.81323092,,1.10265455,63.17745196
36,21,xxx,xxx,35.38392,-96.84977,20:42,1/0/1900 20:42,35.47843,-96.76633,20:56,1/0/1900 20:56,35.57251,-96.74033,21:09,1/0/1900 21:09,12.93678295,10.7012692,,23.63805215,23638.05215,,840,780,1620,,14.59139022,,,36,7.581336159,36,2.359594642,9.940930801,6.136377038,,36,10.48574195,36,10.43819752,20.92393947,12.91601202,,,6.136377038,12.91601202,,37.65512315,166.8233665,14.29959753,,1.127267683,64.58768062
38,21,20:56,21:09,35.3007,-97.19504,20:56,1/0/1900 20:56,35.376,-97.0963,21:09,1/0/1900 21:09,null,null,null,null,12.26263892,0,,12.26263892,12262.63892,,780,#VALUE!,780,,15.72133195,,,38,8.980694188,,0,8.980694188,11.5137105,,38,8.354292802,,0,8.354292802,10.7106318,,,11.5137105,10.7106318,,132.5655295,114.7176336,15.72523968,,0.749278785,42.93051204
39,21,20:49,22:31,35.72704,-97.02521,20:49,1/0/1900 20:49,35.7594,-97.0089,20:56,1/0/1900 20:56,35.88043,-96.96215,21:16,1/0/1900 21:16,3.881767419,14.07782935,,17.95959677,17959.59677,,420,1200,1620,,11.08617085,,,39,1.475620705,39,4.227918781,5.703539486,3.520703386,,39,3.590479458,39,13.42896425,17.01944371,10.50582945,,,3.520703386,10.50582945,,12.39535233,110.3724524,11.08006339,,1.247439506,71.47301891
39,22,xxx,xxx,36.13346,-96.88776,21:47,1/0/1900 21:47,36.20165,-96.86739,21:59,1/0/1900 21:59,36.33955,-96.76187,22:18,1/0/1900 22:18,7.785303895,18.00131554,,25.78661944,25786.61944,,720,1140,1860,,13.86377389,,,39,1.833534752,39,9.489791873,11.32332663,6.087810013,,39,7.566506267,39,15.30193904,22.86844531,12.29486307,,,6.087810013,12.29486307,,37.06143075,151.1636579,13.71951488,,1.111035681,63.65765539
40,21,20:36,22:31,35.82336,-97.77069,20:42,1/0/1900 20:42,35.89831,-97.71085,20:56,1/0/1900 20:56,36.00373,-97.59292,21:16,1/0/1900 21:16,9.918235658,15.81217874,,25.7304144,25730.4144,,840,1200,2040,,12.61294824,,,40,5.40740131,40,10.64663716,16.05403847,7.869626701,,40,8.316183907,40,11.69720217,20.01338608,9.810483371,,,7.869626701,9.810483371,,61.93102441,96.24558397,12.57682823,,0.894736637,51.26463308
40,22,xxx,xxx,36.15496,-97.3911,21:47,1/0/1900 21:47,36.19093,-97.31104,21:59,1/0/1900 21:59,36.27175,-97.22196,22:18,1/0/1900 22:18,8.234658391,12.02323353,,20.25789192,20257.89192,,720,1140,1860,,10.89133974,,,40,7.204356271,40,8.012376017,15.21673229,8.181038865,,40,3.991310689,40,8.968053497,12.95936419,6.9674001,,,8.181038865,6.9674001,,66.92939691,48.54466415,10.74588577,,0.705452495,40.4194506
41,0,xxx,xxx,36.35879,-97.18879,23:44,1/0/1900 23:44,36.46773,-97.01149,23:58,1/0/1900 23:58,36.52733,-96.97852,0:13,1/0/1900 0:13,19.97540074,7.243391869,,27.21879261,27218.79261,,840,900,1740,,15.64298426,,,41,15.91329433,41,2.955043793,18.86833812,10.84387248,,41,12.08871009,41,6.613707695,18.70241779,10.74851597,,,10.84387248,10.74851597,,117.5895704,115.5305956,15.26827318,,0.780981983,44.74697148
41,22,21:51,0:13,35.81576,-97.61759,21:51,1/0/1900 21:51,35.81326,-97.62539,21:59,1/0/1900 21:59,35.92289,-97.59925,22:18,1/0/1900 22:18,0.757533369,12.39113918,,13.14867255,13148.67255,,480,1140,1620,,8.116464537,,,41,0.704908943,41,2.362422736,3.067331679,1.893414617,,41,0.277388915,41,12.16416735,12.44155627,7.679973003,,,1.893414617,7.679973003,,3.585018912,58.98198533,7.909930735,,1.329077504,76.1505316
41,23,xxx,xxx,36.09185,-97.50266,22:43,1/0/1900 22:43,36.17614,-97.4464,22:58,1/0/1900 22:58,36.26395,-97.31607,23:13,1/0/1900 23:13,10.63587237,15.2399994,,25.87587177,25875.87177,,900,900,1800,,14.37548432,,,41,5.066720305,41,11.72484563,16.79156594,9.328647742,,41,9.352943706,41,9.743668496,19.0966122,10.609229,,,9.328647742,10.609229,,87.02366869,112.55574,14.12725765,,0.849538628,48.6749779
42,22,21:16,21:59,35.55223,-96.50229,21:47,1/0/1900  21:47,35.68779,-96.42024,21:59,1/0/1900 21:59,null,null,null,null,16.77719829,0,,16.77719829,16777.19829,,720,#VALUE!,720,,23.30166429,,,42,7.439524257,,0,7.439524257,10.33267258,,42,15.04064939,,0,15.04064939,20.88979082,,,10.33267258,20.88979082,,106.7641226,436.3833605,23.30552473,,1.111455656,63.68171822
43,0,xxx,xxx,36.54738,-95.64157,23:42,1/0/1900 23:42,36.68385,-95.44462,0:03,1/0/1900 0:03,36.77889,-95.33038,0:16,1/0/1900 0:16,23.23279933,14.67530352,,37.90810285,37908.10285,,1260,780,2040,,18.58240336,,,43,17.63420796,43,10.21063781,27.84484577,13.6494342,,43,15.14413769,43,10.5468373,25.69097499,12.59361519,,,13.6494342,12.59361519,,186.307054,158.5991436,18.57165037,,0.74518752,42.69609985
43,22,21:22,0:36,35.7096,-96.40876,21:43,1/0/1900 21:43,35.85808,-96.33765,21:57,1/0/1900 21:57,35.99379,-96.23242,22:10,1/0/1900 22:10,17.68457668,17.80264143,,35.48721811,35487.21811,,840,780,1620,,21.90569019,,,43,6.434963428,43,9.504894934,15.93985836,9.839418742,,43,16.47459823,43,15.05805976,31.53265799,19.4646037,,,9.839418742,19.4646037,,96.81416118,378.8707972,21.81020308,,1.102755885,63.18325806
43,23,xxx,xxx,36.23182,-96.03137,22:43,1/0/1900 22:43,36.2997,-95.93372,22:57,1/0/1900 22:57,36.38478,-95.81275,23:16,1/0/1900 23:16,11.56427494,14.38978645,,25.95406139,25954.06139,,840,1140,1980,,13.10811181,,,43,8.778643503,43,10.86568229,19.64432579,9.921376663,,43,7.532231894,43,9.440932617,16.97316451,8.572305309,,,9.921376663,8.572305309,,98.43371489,73.48441831,13.11175553,,0.712579457,40.82779545
44,22,21:50,23:16,36.20201,-95.8363,21:50,1/0/1900 21:50,36.25841,-95.77315,21:57,1/0/1900 21:57,36.37342,-95.73598,22:10,1/0/1900 22:10,8.44971901,13.19137702,,21.64109603,21641.09603,,420,780,1200,,18.03424669,,,44,5.679280058,44,3.340416588,9.019696646,7.516413872,,44,6.258328648,44,12.76206944,19.02039809,15.85033174,,,7.516413872,15.85033174,,56.4964775,251.2330163,17.54222032,,1.127991312,64.62914148
44,23,xxx,xxx,36.59051,-95.60225,22:43,1/0/1900 22:43,36.67958,-95.49837,22:57,1/0/1900 22:57,36.75851,-95.39249,23:16,1/0/1900 23:16,13.56505948,12.89169599,,26.45675547,26456.75547,,840,1140,1980,,13.36199771,,,44,9.295879836,44,9.463953934,18.75983377,9.47466352,,44,9.88417053,44,8.7590503,18.64322083,9.415768096,,,9.47466352,9.415768096,,89.76924882,88.65668884,13.35761721,,0.782280435,44.82136733
45,22,21:57,22:50,35.81786,-95.83841,21:57,1/0/1900 21:57,35.98811,-95.77763,22:17,1/0/1900 22:17,null,null,null,null,19.671175,0,,19.671175,19671.175,,1200,#VALUE!,1200,,16.39264583,,,45,5.492722646,,0,5.492722646,4.577268872,,45,18.8904639,,0,18.8904639,15.74205325,,,4.577268872,15.74205325,,20.95139033,247.8122405,16.39401204,,1.287831593,73.78731502
45,23,xxx,xxx,36.21904,-95.69846,22:43,1/0/1900 22:43,36.25676,-95.68599,22:50,1/0/1900 22:50,null,null,null,null,4.333045674,0,,4.333045674,4333.045674,,420,#VALUE!,420,,10.31677541,,,45,1.121223758,,0,1.121223758,2.669580376,,45,4.185540083,,0,4.185540083,9.965571626,,,2.669580376,9.965571626,,7.126659384,99.31261783,10.31694127,,1.309061212,75.00368258
46,22,21:57,22:57,35.90228,-95.67258,21:57,1/0/1900 21:57,36.00381,-95.61782,22:10,1/0/1900 22:10,null,null,null,null,12.3012075,0,,12.3012075,12301.2075,,780,#VALUE!,780,,15.77077885,,,46,4.943447515,,0,4.943447515,6.337753224,,46,11.265579,,0,11.265579,14.44305,,,6.337753224,14.44305,,40.16711593,208.6016933,15.77240658,,1.157286963,66.30765867
46,23,xxx,xxx,36.28688,-95.50214,22:43,1/0/1900 22:43,36.40464,-95.43064,22:57,1/0/1900 22:57,null,null,null,null,14.55851709,0,,14.55851709,14558.51709,,840,#VALUE!,840,,17.33156796,,,46,6.423273795,,0,6.423273795,7.646754518,,46,13.06728822,,0,13.06728822,15.5562955,,,7.646754518,15.5562955,,58.47285466,241.9983297,17.33410466,,1.113928565,63.82340545
47,23,22:43,23:13,35.88498,-98.17947,22:43,1/0/1900 22:43,35.98806,-98.1158,22:58,1/0/1900 22:58,36.09562,-97.97581,23:13,1/0/1900 23:13,12.79944607,17.36626064,,30.16570671,30165.70671,,900,900,1800,,16.75872595,,,47,5.749046474,47,12.62391595,18.37296242,10.20720135,,47,11.43753254,47,11.93483357,23.37236611,12.98464784,,,10.20720135,12.98464784,,104.1869594,168.6010795,16.51629616,,0.904590091,51.82919443
49,0,xxx,xxx,36.01755,-95.95714,23:42,1/0/1900 23:42,36.08539,-95.84724,23:56,1/0/1900 23:56,36.20128,-95.71253,0:16,1/0/1900 0:16,12.43880995,17.67349431,,30.11230426,30112.30426,,840,1200,2040,,14.76093346,,,49,9.906792801,49,12.13284211,22.03963491,10.8037426,,49,7.527523356,49,12.85934679,20.38687015,9.993563797,,,10.8037426,9.993563797,,116.7208542,99.87131736,14.71707075,,0.746461903,42.7691166
49,1,xxx,xxx,36.29334,-95.4258,0:43,1/0/1900 0:43,36.29329,-95.38401,0:57,1/0/1900 0:57,36.38049,-95.21928,1:13,1/0/1900 1:13,3.753942221,17.67341544,,21.42735766,21427.35766,,840,960,1800,,11.90408759,,,49,3.753936923,49,14.79747198,18.5514089,10.30633828,,49,0.005548222,49,9.676170494,9.681718716,5.37873262,,,10.30633828,5.37873262,,106.2206087,28.9307646,11.62546228,,0.481002638,27.55942111
49,2,xxx,xxx,36.4776,-94.99332,1:47,1/0/1900 1:47,36.56483,-94.91039,2:01,1/0/1900 2:01,36.5918,-94.8511,2:13,1/0/1900 2:13,12.20123493,6.092301696,,18.29353663,18293.53663,,840,720,1560,,11.72662604,,,49,7.431929216,49,5.307424717,12.73935393,8.166252521,,49,9.679798963,49,2.992854334,12.6726533,8.123495703,,,8.166252521,8.123495703,,66.68768024,65.99118244,11.51863111,,0.782773401,44.84961219
49,23,22:17,2:33,35.59165,-96.3632,22:43,1/0/1900 22:43,35.73334,-96.21947,22:57,1/0/1900 22:57,35.85752,-96.09641,23:16,1/0/1900 23:16,20.40872956,17.70849822,,38.11722778,38117.22778,,840,1140,1980,,19.25112514,,,49,13.02570474,49,11.13277577,24.15848051,12.20125278,,49,15.7208961,49,13.77841837,29.49931447,14.89864367,,,12.20125278,14.89864367,,148.8705694,221.9695832,19.25721041,,0.884606497,50.68421882
50,23,22:31,23:16,35.8989,-96.15877,22:43,1/0/1900 22:43,35.97526,-96.11495,22:57,1/0/1900 22:57,36.09657,-95.95931,23:10,1/0/1900 23:10,9.349989223,19.4405222,,28.79051142,28790.51142,,840,780,1620,,17.77192063,,,50,3.956009519,50,14.03745665,17.99346617,11.10707788,,50,8.472740263,50,13.46051717,21.93325743,13.5390478,,,11.10707788,13.5390478,,123.367179,183.3058153,17.51208138,,0.883755305,50.63544907
51,23,22:10,23:16,36.12382,-96.28143,22:43,1/0/1900 22:43,36.21213,-96.16114,22:57,1/0/1900 22:57,36.30463,-96.0406,23:10,1/0/1900 23:10,14.59977256,14.92318913,,29.52296169,29522.96169,,840,780,1620,,18.22405043,,,51,10.82880968,51,10.83914899,21.66795867,13.37528313,,51,9.799064607,51,10.26415128,20.06321589,12.38470116,,,13.37528313,12.38470116,,178.8981988,153.3808228,18.2285222,,0.746962809,42.79781639
52,23,22:38,22:53,35.43337,-96.48099,22:43,1/0/1900 22:43,35.50633,-96.3889,22:53,1/0/1900 22:53,null,null,null,null,11.63569188,0,,11.63569188,11635.69188,,600,#VALUE!,600,,19.3928198,,,52,8.362163545,,0,8.362163545,13.93693924,,52,8.094853913,,0,8.094853913,13.49142319,,,13.93693924,13.49142319,,194.2382754,182.0184997,19.39733938,,0.769156695,44.06943242
54,0,xxx,xxx,36.68564,-95.97665,23:42,1/0/1900 23:42,36.78802,-95.85161,23:56,1/0/1900 23:56,37.00811,-95.62208,0:16,1/0/1900 0:16,15.93144796,31.86056089,,47.79200884,47792.00884,,840,1200,2040,,23.42745531,,,54,11.17567008,54,20.48742033,31.66309041,15.52112275,,54,11.36138675,54,24.42464912,35.78603587,17.54217445,,,15.52112275,17.54217445,,240.9052514,307.7278844,23.42291903,,0.846448945,48.4979521
54,23,22:50,0:30,36.32189,-96.25879,22:50,1/0/1900 22:50,36.3555,-96.2229,22:57,1/0/1900 22:57,36.47963,-96.11137,23:16,1/0/1900 23:16,4.928620557,17.02306898,,21.95168953,21951.68953,,420,1140,1560,,14.07159585,,,54,3.22277319,54,10.01062922,13.23340241,8.482950263,,54,3.729543447,54,13.77430391,17.50384736,11.22041497,,,8.482950263,11.22041497,,71.96044516,125.8977121,14.06620621,,0.923448313,52.90969092
55,23,22:50,23:49,36.38498,-96.06965,22:50,1/0/1900 22:50,36.42402,-96.0309,22:57,1/0/1900 22:57,36.55522,-95.86326,23:16,1/0/1900 23:16,5.554218953,20.91881307,,26.47303202,26473.03202,,420,1140,1560,,16.96989232,,,55,3.476782732,55,15.0337107,18.51049343,11.86570092,,55,4.332132805,55,14.55901506,18.89114787,12.10971017,,,11.86570092,12.10971017,,140.7948583,146.6450804,16.95405375,,0.795575291,45.58310648
56,0,xxx,xxx,36.9152,-95.4211,23:42,1/0/1900 23:42,37.03292,-95.32597,23:56,1/0/1900 23:56,37.22545,-95.23316,0:16,1/0/1900 0:16,15.56998302,22.90336398,,38.473347,38473.347,,840,1200,2040,,18.85948382,,,56,8.477074169,56,8.257610078,16.73468425,8.203276592,,56,13.06423083,56,21.36699197,34.4312228,16.87805039,,,8.203276592,16.87805039,,67.29374684,284.868585,18.7659887,,1.118385237,64.07875397
56,23,22:24,0:16,36.36862,-95.94833,22:43,1/0/1900 22:43,36.50109,-95.85066,22:57,1/0/1900 22:57,36.67106,-95.69098,23:16,1/0/1900 23:16,17.1108557,23.66354796,,40.77440366,40774.40366,,840,1140,1980,,20.59313316,,,56,8.765122054,56,14.30570478,23.07082683,11.65193274,,56,14.69980936,56,18.86155417,33.56136353,16.9501836,,,11.65193274,16.9501836,,135.7675366,287.3087241,20.56881768,,0.968561803,55.49450349
57,23,22:31,23:36,36.28775,-97.01314,22:43,1/0/1900 22:43,36.35229,-96.96386,22:58,1/0/1900 22:58,36.44552,-96.90321,23:13,1/0/1900 23:13,8.418575622,11.68884396,,20.10741958,20107.41958,,900,900,1800,,11.17078866,,,57,4.42706885,57,5.444002632,9.871071482,5.483928601,,57,7.161677487,57,10.34539863,17.50707612,9.726153398,,,5.483928601,9.726153398,,30.0734729,94.59805992,11.16564073,,1.057394654,60.58425098
58,0,23:54,0:38,36.02254,-98.1741,23:54,1/0/1900 23:54,36.04951,-98.15312,23:58,1/0/1900 23:58,36.13912,-98.0949,0:13,1/0/1900 0:13,3.539854897,11.24085741,,14.78071231,14780.71231,,240,900,1140,,12.96553711,,,58,1.891095728,58,5.24604673,7.137142458,6.260651279,,58,2.992582263,58,9.943192814,12.93577508,11.34717112,,,6.260651279,11.34717112,,39.19575444,128.7582924,12.95970859,,1.066620699,61.11286439
59,0,23:35,3:39,35.71915,-96.12247,23:42,1/0/1900 23:42,35.85649,-95.99437,23:56,1/0/1900 23:56,36.01926,-95.81211,0:16,1/0/1900 0:16,19.13973372,24.42661844,,43.56635216,43566.35216,,840,1200,2040,,21.35605498,,,59,11.59078098,59,16.4629533,28.05373428,13.75183053,,59,15.23856965,59,18.06060919,33.29917884,16.32312688,,,13.75183053,16.32312688,,189.1128429,266.4444711,21.34378865,,0.870687017,49.88669133
59,1,xxx,xxx,36.13019,-95.65109,0:43,1/0/1900 0:43,36.16794,-95.53989,0:57,1/0/1900 0:57,36.21631,-95.3885,1:13,1/0/1900 1:13,10.84860012,14.63631776,,25.48491788,25484.91788,,840,960,1800,,14.15828771,,,59,10.00969622,59,13.62087982,23.63057604,13.1280978,,59,4.188806681,59,5.367259326,9.556066007,5.308925559,,,13.1280978,5.308925559,,172.3469518,28.18469059,14.16091955,,0.384288663,22.01811849
59,2,xxx,xxx,36.33446,-95.1228,1:47,1/0/1900 1:47,36.37308,-95.07797,2:01,1/0/1900 2:01,36.43573,-94.95255,2:13,1/0/1900 2:13,5.878542497,13.22499558,,19.10353807,19103.53807,,840,720,1560,,12.24585774,,,59,4.024901578,59,11.25482575,15.27972733,9.794697005,,59,4.285490392,59,6.952052151,11.23754254,7.203552912,,,9.794697005,7.203552912,,95.93608942,51.89117456,12.15842358,,0.63412674,36.3327859
59,3,xxx,xxx,36.53228,-94.75508,2:45,1/0/1900 2:45,36.58193,-94.66509,2:58,1/0/1900 2:58,36.64406,-94.52826,3:18,1/0/1900 3:18,9.760186263,14.04903259,,23.80921885,23809.21885,,780,1200,1980,,12.02485801,,,59,8.058955054,59,12.24582187,20.30477692,10.25493784,,59,5.509628767,59,6.894591186,12.40421995,6.264757552,,,10.25493784,6.264757552,,105.1637501,39.24718719,12.01711019,,0.548396818,31.42082318
60,0,23:29,0:16,35.74245,-96.34644,23:42,1/0/1900 23:42,35.87753,-96.28889,23:56,1/0/1900 23:56,36.00686,-96.17239,0:16,1/0/1900 0:16,15.86474202,17.78831801,,33.65306003,33653.06003,,840,1200,2040,,16.49659805,,,60,5.205739506,60,10.52028599,15.7260255,7.708836027,,60,14.98786657,60,14.35018904,29.33805561,14.38139981,,,7.708836027,14.38139981,,59.42615289,206.8246605,16.3171938,,1.07874326,61.80743596
64,1,1:07,2:16,35.87068,-97.47878,1:07,1/0/1900 1:07,35.94243,-97.41778,1:17,1/0/1900 1:17,null,null,null,null,9.679959192,0,,9.679959192,9679.959192,,600,#VALUE!,600,,16.13326532,,,64,5.508950356,,0,5.508950356,9.181583927,,64,7.961184081,,0,7.961184081,13.26864014,,,9.181583927,13.26864014,,84.30148341,176.0568112,16.13562191,,0.965475749,55.31768563
64,2,xxx,xxx,36.04597,-97.25625,1:44,1/0/1900 1:44,36.07464,-97.15313,2:00,1/0/1900 2:00,36.16933,-97.05509,2:16,1/0/1900 2:16,9.820150544,13.72202205,,23.54217259,23542.17259,,960,960,1920,,12.26154822,,,64,9.292280004,64,8.831310283,18.12359029,9.439369941,,64,3.181226611,64,10.50692206,13.68814867,7.129244099,,,9.439369941,7.129244099,,89.10170488,50.82612142,11.82910928,,0.646863441,37.06254506
65,1,0:53,8:00,35.96988,-97.44175,0:53,1/0/1900 0:53,35.99417,-97.40366,0:57,1/0/1900 0:57,36.08764,-97.28468,1:17,1/0/1900 1:17,4.36623817,14.91744518,,19.28368335,19283.68335,,240,1200,1440,,13.39144677,,,65,3.435640315,65,10.72846444,14.16410476,9.836183858,,65,2.695186034,65,10.37140869,13.06659472,9.074024114,,,9.836183858,9.074024114,,96.75051289,82.33791362,13.38239241,,0.745115822,42.69199184
65,2,xxx,xxx,36.14492,-97.05872,1:44,1/0/1900 1:44,36.19488,-96.91971,2:00,1/0/1900 2:00,36.22449,-96.76283,2:16,1/0/1900 2:16,13.68028253,14.48489606,,28.16517859,28165.17859,,960,960,1920,,14.66936385,,,65,12.51068148,65,14.10999471,26.62067619,13.86493552,,65,5.54366918,65,3.285611245,8.829280425,4.598583555,,,13.86493552,4.598583555,,192.236437,21.14697071,14.60764894,,0.320252834,18.34913574
65,3,xxx,xxx,36.27969,-96.52591,2:45,1/0/1900 2:45,36.28047,-96.42253,2:58,1/0/1900 2:58,36.32598,-96.27499,3:18,1/0/1900 3:18,9.288454107,14.18126841,,23.46972252,23469.72252,,780,1200,1980,,11.85339521,,,65,9.288097046,65,13.25548594,22.54358299,11.38564797,,65,0.086552077,65,5.050000382,5.136552459,2.594218414,,,11.38564797,2.594218414,,129.6329797,6.72996918,11.67745473,,0.224025329,12.83570585
65,4,xxx,xxx,36.36502,-95.99616,3:46,1/0/1900 3:46,36.38566,-95.85404,4:00,1/0/1900 4:00,36.39037,-95.7425,4:14,1/0/1900 4:14,12.95709589,10.02100028,,22.97809617,22978.09617,,840,840,1680,,13.6774382,,,65,12.75475042,65,10.00766323,22.76241365,13.54905574,,65,2.290337694,65,0.522650847,2.812988541,1.674397941,,,13.54905574,1.674397941,,183.5769114,2.803608465,13.65212511,,0.122957007,7.044917545
65,5,xxx,xxx,36.4645,-95.41884,4:45,1/0/1900 4:45,36.49127,-95.31267,4:58,1/0/1900 4:58,36.57863,-95.23131,5:17,1/0/1900 5:17,9.967545341,12.12691548,,22.09446082,22094.46082,,780,1140,1920,,11.50753168,,,65,9.516226874,65,7.289949893,16.80617677,8.753217066,,65,2.970610247,65,9.694247269,12.66485752,6.596279956,,,8.753217066,6.596279956,,76.618809,43.51090926,10.96037035,,0.645790607,37.00107622
65,6,xxx,xxx,36.66481,-95.00982,5:44,1/0/1900 5:44,36.70457,-94.88071,5:59,1/0/1900 5:59,36.73082,-94.76842,6:13,1/0/1900 6:13,12.35433593,10.44632603,,22.80066196,22800.66196,,900,840,1740,,13.10382871,,,65,11.54254455,65,10.03365638,21.57620093,12.40011548,,65,4.412236481,65,2.913024427,7.325260908,4.209920062,,,12.40011548,4.209920062,,153.7628639,17.72342693,13.09527743,,0.327296096,18.75268495
65,7,xxx,xxx,36.84171,-94.58212,6:41,1/0/1900 6:41,36.89201,-94.42988,7:00,1/0/1900 7:00,36.99664,-94.33837,7:13,1/0/1900 7:13,14.67761684,14.18702431,,28.86464116,28864.64116,,1140,780,1920,,15.03366727,,,65,13.57917398,65,8.1569626,21.73613658,11.32090447,,65,5.582049979,65,11.61148157,17.19353155,8.954964348,,,11.32090447,8.954964348,,128.162878,80.19138647,14.43448179,,0.669235999,38.34439822
65,8,xxx,xxx,36.97367,-94.09142,7:47,1/0/1900 7:47,37.01601,-93.89376,8:00,1/0/1900 8:00,null,null,null,null,18.21183122,0,,18.21183122,18211.83122,,780,#VALUE!,780,,23.34850156,,,65,17.60010862,,0,17.60010862,22.56424182,,65,4.698789278,,0,4.698789278,6.024088818,,,22.56424182,6.024088818,,509.1450089,36.28964609,23.35454249,,0.260890248,14.9479101
66,1,0:38,1:27,36.03248,-97.33465,0:43,1/0/1900 0:43,36.10433,-97.31247,0:57,1/0/1900 0:57,36.20758,-97.1873,1:17,1/0/1900 1:17,8.219068848,16.06628579,,24.28535464,24285.35464,,840,1200,2040,,11.90458561,,,66,1.999010227,66,11.27090417,13.2699144,6.504859999,,66,7.972495348,66,11.4568156,19.42931095,9.524172033,,,6.504859999,9.524172033,,42.31320361,90.70985291,11.53356218,,0.971581811,55.66753721
67,1,1:02,1:12,36.07757,-97.06508,1:02,1/0/1900 1:02,36.13553,-97.03728,1:12,1/0/1900 1:12,null,null,null,null,6.901266383,0,,6.901266383,6901.266383,,600,#VALUE!,600,,11.50211064,,,67,2.504093518,,0,2.504093518,4.173489197,,67,6.431298233,,0,6.431298233,10.71883039,,,4.173489197,10.71883039,,17.41801208,114.8933249,11.50266652,,1.199495443,68.72602645
68,1,0:23,6:13,36.13124,-97.19017,0:43,1/0/1900 0:43,36.1828,-97.10945,0:57,1/0/1900 0:57,36.17807,-96.9843,1:17,1/0/1900 1:17,9.246153132,11.27045163,,20.51660476,20516.60476,,840,1200,2040,,10.0571592,,,68,7.265934689,68,11.25788574,18.52382043,9.080304132,,68,5.721196292,68,0.524851911,6.246048203,3.061788335,,,9.080304132,3.061788335,,82.45192313,9.374547808,9.582612949,,0.325217587,18.63359516
68,2,xxx,xxx,36.24448,-96.71404,1:44,1/0/1900 1:44,36.26612,-96.56073,2:00,1/0/1900 2:00,36.30135,-96.45176,2:16,1/0/1900 2:16,13.98598047,10.54148902,,24.52746949,24527.46949,,960,960,1920,,12.77472369,,,68,13.78020245,68,9.792020601,23.57222305,12.27719951,,68,2.40125534,68,3.909271198,6.310526538,3.286732572,,,12.27719951,3.286732572,,150.7296278,10.802611,12.70953338,,0.26157647,14.98722776
68,3,xxx,xxx,36.38373,-96.22733,2:45,1/0/1900 2:45,36.40876,-96.1169,2:58,1/0/1900 2:58,36.39224,-95.92578,3:18,1/0/1900 3:18,10.2887169,17.24225617,,27.53097307,27530.97307,,780,1200,1980,,13.90453185,,,68,9.908315973,68,17.14271542,27.05103139,13.66213707,,68,2.777488061,68,1.833165622,4.610653683,2.328612971,,,13.66213707,2.328612971,,186.6539893,5.422438369,13.85916403,,0.168820493,9.672701772
68,4,xxx,xxx,36.47125,-95.69522,3:46,1/0/1900 3:46,36.49826,-95.564,4:00,1/0/1900 4:00,36.54311,-95.44663,4:14,1/0/1900 4:14,12.13443709,11.63111433,,23.76555143,23765.55143,,840,840,1680,,14.14616157,,,68,11.76048794,68,10.51554209,22.27603003,13.25954168,,68,2.997245998,68,4.97694537,7.974191368,4.746542481,,,13.25954168,4.746542481,,175.8154456,22.52966552,14.08350493,,0.34375895,19.69593702
68,5,xxx,xxx,36.67081,-95.28409,4:45,1/0/1900 4:45,36.6796,-95.20847,4:58,1/0/1900 4:58,36.77095,-95.02026,5:17,1/0/1900 5:17,6.829601524,19.63265594,,26.46225747,26462.25747,,780,1140,1920,,13.78242577,,,68,6.759968305,68,16.8229138,23.58288211,12.2827511,,68,0.975440059,68,10.13733795,11.11277801,5.787905213,,,12.2827511,5.787905213,,150.8659746,33.49984675,13.57813762,,0.440361495,25.23085515
68,6,xxx,xxx,36.85455,-94.86636,5:44,1/0/1900 5:44,36.89557,-94.76178,5:59,1/0/1900 5:59,36.98619,-94.58095,6:13,1/0/1900 6:13,10.3759561,18.98995791,,29.365914,29365.914,,900,840,1740,,16.87696207,,,68,9.326541266,68,16.11796398,25.44450525,14.62327888,,68,4.552206895,68,10.05669357,14.60890047,8.395919807,,,14.62327888,8.395919807,,213.8402852,70.49146941,16.86213968,,0.521193408,29.86218261
69,1,0:23,2:58,36.34158,-96.85269,0:43,1/0/1900 0:43,36.3973,-96.74919,0:57,1/0/1900 0:57,36.44802,-96.56744,1:17,1/0/1900 1:17,11.1579906,17.2437271,,28.4017177,28401.7177,,840,1200,2040,,13.92241064,,,69,9.291532125,69,16.30465735,25.59618948,12.5471517,,69,6.183017928,69,5.628238873,11.8112568,5.789831765,,,12.5471517,5.789831765,,157.4310158,33.52215187,13.81858052,,0.43233147,24.77076857
69,2,xxx,xxx,36.50889,-96.28198,1:44,1/0/1900 1:44,36.52108,-96.13655,2:00,1/0/1900 2:00,36.54465,-96.02163,2:16,1/0/1900 2:16,13.09676628,10.61862024,,23.71538652,23715.38652,,960,960,1920,,12.35176381,,,69,13.02774293,69,10.29301715,23.32076008,12.14622921,,69,1.352706933,69,2.615537179,3.968244112,2.066793808,,,12.14622921,2.066793808,,147.530884,4.271636645,12.32081656,,0.168544974,9.656915694
71,1,0:38,1:02,36.3961,-96.52049,0:43,1/0/1900 0:43,36.45418,-96.47527,0:57,1/0/1900 0:57,36.48995,-96.45257,1:02,1/0/1900 1:02,7.61460239,4.460320547,,12.07492294,12074.92294,,840,300,1140,,10.59203767,,,71,4.056715497,71,2.034915568,6.091631065,5.343536022,,71,6.444957608,71,3.969317321,10.41427493,9.135328885,,,5.343536022,9.135328885,,28.55337722,83.45423384,10.58336483,,1.04153075,59.67531623
73,1,0:33,1:07,35.01701,-98.1825,0:43,1/0/1900 0:43,35.09588,-98.20279,0:57,1/0/1900 0:57,35.15792,-98.16727,1:07,1/0/1900 1:07,8.943598182,7.606310044,,16.54990823,16549.90823,,840,600,1440,,11.49299183,,,73,1.851853571,73,3.238768885,5.090622456,3.535154483,,73,8.749964663,73,6.882897523,15.63286219,10.8561543,,,3.535154483,10.8561543,,12.49731722,117.8560862,11.4172415,,1.25598931,71.96288657
74,2,1:44,2:06,35.92289,-98.42478,1:44,1/0/1900 1:44,35.96025,-98.29551,2:00,1/0/1900 2:00,35.98344,-98.27095,2:06,1/0/1900 2:06,12.37878471,3.39530929,,15.774094,15774.094,,960,360,1320,,11.95007121,,,74,11.66679512,74,2.215530914,13.88232603,10.51691366,,74,4.145387813,74,2.573127124,6.718514937,5.089784043,,,10.51691366,5.089784043,,110.6054729,25.9059016,11.68380822,,0.450734891,25.82520694
83,2,1:44,2:52,36.36786,-96.82665,1:44,1/0/1900 1:44,36.48186,-96.6732,2:00,1/0/1900 2:00,36.58951,-96.48122,2:16,1/0/1900 2:16,18.69207973,20.93466348,,39.62674321,39626.74321,,960,960,1920,,20.63892876,,,83,13.77107583,83,17.20370774,30.97478357,16.13269978,,83,12.65022612,83,11.9458087,24.59603482,12.8104348,,,16.13269978,12.8104348,,260.2640022,164.1072398,20.60027286,,0.671112405,38.45190841
83,3,xxx,xxx,36.72617,-96.14606,2:45,1/0/1900 2:45,36.76238,-96.08356,2:52,1/0/1900 2:52,null,null,null,null,6.877753329,0,,6.877753329,6877.753329,,420,#VALUE!,420,,16.37560316,,,83,5.583115312,,0,5.583115312,13.2931317,,83,4.018327111,,0,4.018327111,9.567445502,,,13.2931317,9.567445502,,176.7073504,91.53601343,16.37813676,,0.623844212,35.7436404
84,2,1:49,2:13,36.25577,-96.37292,1:49,1/0/1900 1:49,36.32759,-96.29014,2:01,1/0/1900 2:01,36.44311,-96.21098,2:13,1/0/1900 2:13,10.89995154,14.65493029,,25.55488183,25554.88183,,720,720,1440,,17.74644572,,,84,7.439574454,84,7.10772198,14.54729643,10.10228919,,84,7.969464417,84,12.81881081,20.78827523,14.43630224,,,10.10228919,14.43630224,,102.0562469,208.4068224,17.61996224,,0.960215536,55.01629763
96,4,3:25,8:00,36.26515,-96.5581,3:46,1/0/1900 3:46,36.31575,-96.44949,4:00,1/0/1900 4:00,36.37107,-96.32683,4:14,1/0/1900 4:14,11.25691011,12.60681681,,23.86372691,23863.72691,,840,840,1680,,14.20459935,,,96,9.759791774,96,11.01522264,20.77501441,12.36608001,,96,5.614798333,96,6.13860478,11.75340311,6.996073282,,,12.36608001,6.996073282,,152.9199348,48.94504137,14.20791949,,0.514852639,29.4988833
96,5,xxx,xxx,36.42818,-96.07778,4:45,1/0/1900 4:45,36.47031,-95.96372,4:58,1/0/1900 4:58,36.51064,-95.80119,5:17,1/0/1900 5:17,11.24346251,15.23516736,,26.47862987,26478.62987,,780,1140,1920,,13.79095306,,,96,10.22818947,96,14.56679702,24.79498649,12.91405546,,96,4.675054456,96,4.475344215,9.150398671,4.765832641,,,12.91405546,4.765832641,,166.7728284,22.71316076,13.76539099,,0.353537272,20.2561936
96,6,xxx,xxx,36.59741,-95.52159,5:44,1/0/1900 5:44,36.63318,-95.37049,5:59,1/0/1900 5:59,36.64412,-95.23615,6:13,1/0/1900 6:13,14.0878909,12.07535621,,26.16324711,26163.24711,,900,840,1740,,15.03634891,,,96,13.52023796,96,12.01502344,25.5352614,14.67543759,,96,3.969412878,96,1.214021456,5.183434334,2.978985249,,,14.67543759,2.978985249,,215.3684685,8.874353114,14.97473945,,0.200270089,11.47463087
96,7,xxx,xxx,36.68293,-94.86084,6:48,1/0/1900 6:48,36.69358,-94.76834,7:00,1/0/1900 7:00,36.69062,-94.66757,7:13,1/0/1900 7:13,8.351121239,9.011731498,,17.36285274,17362.85274,,720,780,1500,,11.57523516,,,96,8.267640624,96,9.005570438,17.27321106,11.51547404,,96,1.181849767,96,0.328476767,1.510326534,1.006884356,,,11.51547404,1.006884356,,132.6061424,1.013816106,11.55940995,,0.087215696,4.997091268
96,8,xxx,xxx,36.76465,-94.39766,7:47,1/0/1900 7:47,36.79458,-94.2514,8:00,1/0/1900 8:00,null,null,null,null,13.47217507,0,,13.47217507,13472.17507,,780,#VALUE!,780,,17.27201932,,,96,13.05886063,,0,13.05886063,16.74212901,,96,3.321437351,,0,3.321437351,4.258253014,,,16.74212901,4.258253014,,280.2988838,18.13271873,17.27517301,,0.249062541,14.27023244
108,20,20:02,20:18,36.88756,-96.29317,20:02,1/0/1900 20:02,37.00063,-96.20589,20:13,1/0/1900 20:13,null,null,null,null,14.76143988,0,,14.76143988,14761.43988,,660,#VALUE!,660,,22.365818,,,108,7.780363042,,0,7.780363042,11.78842885,,108,12.54812358,,0,12.54812358,19.01230845,,,11.78842885,19.01230845,,138.9670548,361.4678726,22.37040293,,1.015770296,58.19935094
109,20,19:45,22:57,37.25288,-96.68781,19:45,1/0/1900 19:45,37.42206,-96.5229,20:02,1/0/1900 20:02,37.51974,-96.4313,20:13,1/0/1900 20:13,23.79307887,13.5346926,,37.32777147,37327.77147,,1020,660,1680,,22.21891159,,,109,14.63015838,109,8.108181691,22.73834007,13.53472623,,109,18.77626941,109,10.84116022,29.61742963,17.6294224,,,13.53472623,17.6294224,,183.1888141,310.7965342,22.22578116,,0.916041043,52.48528564
109,21,xxx,xxx,37.74287,-96.02962,20:45,1/0/1900 20:45,37.88173,-95.85074,21:00,1/0/1900 21:00,37.99897,-95.60352,21:17,1/0/1900 21:17,22.03750566,25.32979945,,47.36730511,47367.30511,,900,1020,1920,,24.67047141,,,109,15.76616769,109,21.74876101,37.5149287,19.53902536,,109,15.41247797,109,13.01309463,28.4255726,14.80498573,,,19.53902536,14.80498573,,381.773512,219.1876025,24.51450824,,0.648419578,37.15170517
109,22,xxx,xxx,38.19394,-95.27284,21:44,1/0/1900 21:44,38.34093,-95.08024,21:59,1/0/1900 21:59,38.49319,-94.84789,22:15,1/0/1900 22:15,23.45854322,26.40863498,,49.8671782,49867.1782,,900,960,1860,,26.81031086,,,109,16.87188134,109,20.31302573,37.18490707,19.99188552,,109,16.31611688,109,16.90152742,33.2176443,17.85894855,,,19.99188552,17.85894855,,399.6754866,318.9420433,26.80704254,,0.729106575,41.77472954
109,23,xxx,xxx,38.79028,-94.33358,22:47,1/0/1900 22:47,38.82622,-94.28174,22:57,1/0/1900 22:57,null,null,null,null,6.016103829,0,,6.016103829,6016.103829,,600,#VALUE!,600,,10.02683972,,,109,4.503939255,,0,4.503939255,7.506565425,,109,3.989764987,,0,3.989764987,6.649608312,,,7.506565425,6.649608312,,56.34852448,44.2172907,10.02825085,,0.72493602,41.53577436
113,0,xxx,xxx,36.82646,-95.20459,23:42,1/0/1900 23:42,36.90537,-95.08634,23:56,1/0/1900 23:56,36.9726,-94.9631,0:16,1/0/1900 0:16,13.70633139,13.27382554,,26.98015693,26980.15693,,840,1200,2040,,13.22556712,,,113,10.5495019,113,10.98337693,21.53287883,10.55533276,,113,8.75704759,113,7.460950035,16.21799763,7.949998836,,,10.55533276,7.949998836,,111.4150497,63.20248149,13.21429269,,0.645529173,36.98609715
113,1,xxx,xxx,37.06111,-94.74296,0:43,1/0/1900 0:43,37.13127,-94.64294,0:57,1/0/1900 0:57,37.21724,-94.50414,1:13,1/0/1900 1:13,11.81902692,15.58766934,,27.40669625,27406.69625,,840,960,1800,,15.22594236,,,113,8.89581708,113,12.33354759,21.22936467,11.79409148,,113,7.786317927,113,9.541028923,17.32734685,9.626303806,,,11.79409148,9.626303806,,139.1005938,92.66572497,15.22387332,,0.684539516,39.22122516
113,2,xxx,xxx,37.33449,-94.19421,1:47,1/0/1900 1:47,37.40401,-94.10812,2:00,1/0/1900 2:00,37.47364,-93.98566,2:14,1/0/1900 2:14,10.84822683,13.31054168,,24.15876851,24158.76851,,780,840,1620,,14.91282007,,,113,7.629316828,113,10.84242559,18.47174242,11.40231013,,113,7.715647697,113,7.727947164,15.44359486,9.533083248,,,11.40231013,9.533083248,,130.0126763,90.87967621,14.86244773,,0.696348802,39.89784743
113,3,xxx,xxx,37.60687,-93.71282,2:46,1/0/1900 2:46,37.65459,-93.55513,3:00,1/0/1900 3:00,37.70211,-93.4281,3:14,1/0/1900 3:14,14.89306585,12.38508427,,27.27815011,27278.15011,,840,840,1680,,16.23699411,,,113,13.92390964,113,11.20948521,25.13339485,14.96035408,,113,5.296418971,113,5.274263756,10.57068273,6.292073052,,,14.96035408,6.292073052,,223.8121942,39.59018329,16.22967583,,0.398123607,22.81080243
113,4,xxx,xxx,37.82682,-93.13345,3:48,1/0/1900 3:48,37.89971,-92.99298,4:02,1/0/1900 4:02,37.94793,-92.8256,4:18,1/0/1900 4:18,14.77296398,15.65962428,,30.43258825,30432.58825,,840,960,1800,,16.90699347,,,113,12.36678219,113,14.72139393,27.08817612,15.04898673,,113,8.090344701,113,5.352180615,13.44252532,7.46806962,,,15.04898673,7.46806962,,226.4720016,55.77206385,16.800121,,0.460643642,26.39293655
113,5,xxx,xxx,38.01659,-92.58797,4:44,1/0/1900 4:44,38.07828,-92.42985,4:56,1/0/1900 4:56,null,null,null,null,15.47633985,0,,15.47633985,15476.33985,,720,#VALUE!,720,,21.49491646,,,113,13.8849378,,0,13.8849378,19.28463583,,113,6.847428032,,0,6.847428032,9.510316711,,,19.28463583,9.510316711,,371.8971791,90.44612394,21.50216973,,0.458156719,26.25044633
113,22,21:57,4:56,36.1679,-95.90524,21:57,1/0/1900 21:57,36.3302,-95.78619,22:17,1/0/1900 22:17,null,null,null,null,20.94829434,0,,20.94829434,20948.29434,,1200,#VALUE!,1200,,17.45691195,,,113,10.71118719,,0,10.71118719,8.925989325,,113,18.00939623,,0,18.00939623,15.00783019,,,8.925989325,15.00783019,,79.67328543,225.234967,17.46162227,,1.034242011,59.25770225
113,23,xxx,xxx,36.49132,-95.63223,22:43,1/0/1900 22:43,36.55571,-95.58077,22:57,1/0/1900 22:57,36.67636,-95.45181,23:16,1/0/1900 23:16,8.502794814,17.67322109,,26.1760159,26176.0159,,840,1140,1980,,13.22021005,,,113,4.610872506,113,11.54538538,16.15625789,8.159726205,,113,7.145276808,113,13.38858607,20.53386288,10.37063782,,,8.159726205,10.37063782,,66.58113174,107.5501288,13.19588044,,0.904149696,51.80396163
114,0,xxx,xxx,37.08177,-95.24661,23:42,1/0/1900 23:42,37.27458,-95.14469,23:56,1/0/1900 23:56,37.46181,-94.9996,0:16,1/0/1900 0:16,23.23365309,24.43299146,,47.66664455,47666.64455,,840,1200,2040,,23.36600223,,,114,9.062345187,114,12.86811468,21.93045987,10.75022543,,114,21.39824369,114,20.77963842,42.17788211,20.67543241,,,10.75022543,20.67543241,,115.5673468,427.4735053,23.30323695,,1.091315086,62.52774852
114,22,22:03,0:30,36.3494,-96.00788,22:03,1/0/1900 22:03,36.453,-95.87515,22:17,1/0/1900 22:17,null,null,null,null,16.55070676,0,,16.55070676,16550.70676,,840,#VALUE!,840,,19.70322233,,,114,11.91441271,,0,11.91441271,14.18382465,,114,11.49612475,,0,11.49612475,13.6858628,,,14.18382465,13.6858628,,201.1808817,187.3028406,19.70999042,,0.767532557,43.97637615
114,23,xxx,xxx,36.64188,-95.66675,22:43,1/0/1900 22:43,36.72353,-95.61953,22:57,1/0/1900 22:57,36.89015,-95.43281,23:16,1/0/1900 23:16,9.995583664,24.89029564,,34.88587931,34885.87931,,840,1140,1980,,17.61913096,,,114,4.222760614,114,16.68023722,20.90299783,10.55706961,,114,9.06083975,114,18.4904922,27.55133195,13.91481412,,,10.55706961,13.91481412,,111.4517188,193.622052,17.46636112,,0.921754985,52.81267038
118,0,xxx,xxx,37.16727,-94.90631,23:42,1/0/1900 23:42,37.25041,-94.81317,23:56,1/0/1900 23:56,37.36042,-94.66285,0:16,1/0/1900 0:16,12.38928706,18.07381284,,30.46309991,30463.09991,,840,1200,2040,,14.93289211,,,118,8.272350763,118,13.33622731,21.60857807,10.59244023,,118,9.227006939,118,12.20928111,21.43628805,10.50798434,,,10.59244023,10.50798434,,112.19979,110.4177349,14.92037281,,0.781395616,44.77067096
118,23,22:31,0:48,36.7786,-95.2182,22:43,1/0/1900 22:43,36.88169,-95.15879,22:57,1/0/1900 22:57,37.00945,-95.09908,23:16,1/0/1900 23:16,12.60836772,15.14313438,,27.7515021,27751.5021,,840,1140,1980,,14.01591015,,,118,5.3034762,118,5.323110098,10.6265863,5.366962777,,118,11.44035726,118,14.1783733,25.61873056,12.93875281,,,5.366962777,12.93875281,,28.80428945,167.4113243,14.00769837,,1.177598896,67.47144669
121,0,xxx,xxx,37.60937,-95.11736,23:42,1/0/1900 23:42,37.67791,-95.01347,23:56,1/0/1900 23:56,37.73451,-94.78181,0:16,1/0/1900 0:16,11.9137996,21.3722848,,33.2860844,33286.0844,,840,1200,2040,,16.31670804,,,121,9.173103255,121,20.43593286,29.60903612,14.51423339,,121,7.607237064,121,6.282086334,13.8893234,6.808491862,,,14.51423339,6.808491862,,210.6629709,46.35556143,16.03179754,,0.438615846,25.1308368
121,1,xxx,xxx,37.7843,-94.53417,0:43,1/0/1900 0:43,37.84462,-94.43909,1:00,1/0/1900 1:00,null,null,null,null,10.71990943,0,,10.71990943,10719.90943,,1020,#VALUE!,1020,,10.50971513,,,121,8.375511238,,0,8.375511238,8.211285527,,121,6.695095866,,0,6.695095866,6.563819476,,,8.211285527,6.563819476,,67.42521001,43.08372611,10.51232306,,0.674354015,38.63763896
121,23,23:03,1:00,37.38459,-95.37435,23:03,1/0/1900 23:03,37.46482,-95.32095,23:16,1/0/1900 23:16,null,null,null,null,10.08113,0,,10.08113,10081.13,,780,#VALUE!,780,,12.92452564,,,121,4.729176479,,0,4.729176479,6.063046768,,121,8.904376221,,0,8.904376221,11.41586695,,,6.063046768,11.41586695,,36.76053611,130.3220182,12.92604171,,1.082573913,62.0269162
122,0,23:42,0:50,35.96503,-96.20535,23:42,1/0/1900 23:42,36.10326,-96.07037,23:56,1/0/1900 23:56,36.27419,-95.89407,0:16,1/0/1900 0:16,19.57653833,24.72271537,,44.29925371,44299.25371,,840,1200,2040,,21.71532045,,,122,12.17566442,122,15.87510758,28.050772,13.75037843,,122,15.3379502,122,18.96682068,34.30477088,16.81606416,,,13.75037843,16.81606416,,189.072907,282.7800138,21.72217578,,0.885359676,50.72737278
122,1,xxx,xxx,36.50548,-95.58883,0:43,1/0/1900 0:43,36.54506,-95.56199,0:50,1/0/1900 0:50,null,null,null,null,5.006934223,0,,5.006934223,5006.934223,,420,#VALUE!,420,,11.92127196,,,122,2.404455675,,0,2.404455675,5.724894464,,122,4.392143802,,0,4.392143802,10.45748524,,,5.724894464,10.45748524,,32.77441662,109.3589975,11.92197191,,1.069917105,61.30173454
123,0,23:10,0:30,36.1768,-96.00498,23:42,1/0/1900 23:42,36.28069,-95.86653,23:56,1/0/1900 23:56,36.45135,-95.64294,0:16,1/0/1900 0:16,16.96532139,27.59120555,,44.55652693,44556.52693,,840,1200,2040,,21.84143477,,,123,12.4552386,123,20.08801283,32.54325143,15.95257423,,123,11.5279717,123,18.93742348,30.46539518,14.93401725,,,15.95257423,14.93401725,,254.4846246,223.0248712,21.85199066,,0.752432791,43.11122329
124,0,23:56,0:30,36.66429,-95.28267,23:56,1/0/1900 23:56,36.83989,-95.02807,0:16,1/0/1900 0:16,null,null,null,null,29.94411232,0,,29.94411232,29944.11232,,1200,#VALUE!,1200,,24.95342693,,,124,22.76160616,,0,22.76160616,18.96800513,,124,19.48685919,,0,19.48685919,16.23904933,,,18.96800513,16.23904933,,359.7852186,263.7067231,24.96982062,,0.708041218,40.56777353
126,0,23:49,0:03,36.90587,-96.10837,23:49,1/0/1900 23:49,36.95605,-96.05176,23:56,1/0/1900 23:56,37.00306,-95.97109,0:03,1/0/1900 0:03,7.513213299,8.877258599,,16.3904719,16390.4719,,420,420,840,,19.51246655,,,126,5.045155348,126,7.184702048,12.2298574,14.55935404,,126,5.568793182,126,5.217040951,10.78583413,12.84027873,,,14.55935404,12.84027873,,211.9747901,164.8727579,19.4125616,,0.722739478,41.4099218
127,0,0:03,0:30,36.96378,-95.89221,0:03,1/0/1900 0:03,37.04668,-95.76205,0:16,1/0/1900 0:16,null,null,null,null,14.79365912,0,,14.79365912,14793.65912,,780,#VALUE!,780,,18.96622964,,,127,11.5912514,,0,11.5912514,14.86057872,,127,9.200054672,,0,9.200054672,11.79494189,,,14.86057872,11.79494189,,220.8367999,139.1206542,18.97254474,,0.670891808,38.43926908
128,0,23:56,0:57,36.98563,-95.75515,23:56,1/0/1900 23:56,37.10612,-95.57529,0:16,1/0/1900 0:16,null,null,null,null,20.85198339,0,,20.85198339,20851.98339,,1200,#VALUE!,1200,,17.37665283,,,128,16.01264917,,0,16.01264917,13.34387431,,128,13.37179975,,0,13.37179975,11.14316646,,,13.34387431,11.14316646,,178.0589816,124.1701588,17.38473872,,0.695766617,39.86449068
128,1,xxx,xxx,37.39694,-95.37187,0:43,1/0/1900 0:43,37.50236,-95.15201,0:57,1/0/1900 0:57,null,null,null,null,22.70157561,0,,22.70157561,22701.57561,,840,#VALUE!,840,,27.02568525,,,128,19.46790197,,0,19.46790197,23.17607377,,128,11.70015347,,0,11.70015347,13.92875413,,,23.17607377,13.92875413,,537.1303954,194.0101916,27.03961144,,0.541152371,31.00574695
129,0,23:49,0:10,37.11543,-95.63237,23:49,1/0/1900 23:49,37.14384,-95.55727,23:56,1/0/1900 23:56,37.23174,-95.40612,0:10,1/0/1900 0:10,7.380749518,16.59176566,,23.97251517,23972.51517,,420,840,1260,,19.02580569,,,129,6.674657815,129,13.42872693,20.10338475,15.95506726,,129,3.152943886,129,9.75524442,12.90818831,10.24459389,,,15.95506726,10.24459389,,254.5641713,104.951704,18.96090386,,0.570794685,32.70412645
130,0,23:42,0:50,37.2136,-95.52021,23:42,1/0/1900 23:42,37.31985,-95.41717,23:56,1/0/1900 23:56,37.43854,-95.23655,0:16,1/0/1900 0:16,14.91917408,20.72266884,,35.64184292,35641.84292,,840,1200,2040,,17.47149163,,,130,9.146042689,130,16.00969247,25.15573516,12.33124273,,130,11.79190635,130,13.17278149,24.96468784,12.23759208,,,12.33124273,12.23759208,,152.0595473,149.7586599,17.37291591,,0.781586416,44.78160295
131,1,0:50,1:06,36.65152,-96.1543,0:50,1/0/1900 0:50,36.71971,-96.01043,0:57,1/0/1900 0:57,36.74752,-95.94023,1:06,1/0/1900 1:06,14.92000347,6.988676746,,21.90868022,21908.68022,,420,540,960,,22.8215419,,,131,12.86431194,131,6.271480289,19.13579223,19.93311691,,131,7.5671643,131,3.086149581,10.65331388,11.09720196,,,19.93311691,11.09720196,,397.3291497,123.1478913,22.81396592,,0.507989297,29.10564277
132,1,0:57,1:20,36.97678,-95.97018,0:57,1/0/1900 0:57,37.05503,-95.78929,1:13,1/0/1900 1:13,null,null,null,null,18.29088909,0,,18.29088909,18290.88909,,960,#VALUE!,960,,19.05300947,,,132,16.10621368,,0,16.10621368,16.77730592,,132,8.684023836,,0,8.684023836,9.045858163,,,16.77730592,9.045858163,,281.4779939,81.82754991,19.06057564,,0.494492188,28.33231535
133,1,0:57,2:07,37.09961,-95.95434,0:57,1/0/1900 0:57,37.21399,-95.74221,1:13,1/0/1900 1:13,null,null,null,null,22.72008826,0,,22.72008826,22720.08826,,960,#VALUE!,960,,23.6667586,,,133,18.85738246,,0,18.85738246,19.64310673,,133,12.69395913,,0,12.69395913,13.22287409,,,19.64310673,13.22287409,,385.851642,174.8443992,23.67902112,,0.592481736,33.94670292
133,2,xxx,xxx,37.48016,-95.31453,1:47,1/0/1900 1:47,37.58456,-95.20887,2:01,1/0/1900 2:01,37.63773,-95.15636,2:07,1/0/1900 2:07,14.88213528,7.504717928,,22.38685321,22386.85321,,840,360,1200,,18.65571101,,,133,9.345503379,133,4.637978891,13.98348227,11.65290189,,133,11.58711029,133,5.901292113,17.4884024,14.57366867,,,11.65290189,14.57366867,,135.7901225,212.3918185,18.659634,,0.896307856,51.35465727
134,1,0:57,1:06,37.1702,-95.34389,0:57,1/0/1900 0:57,37.2119,-95.24607,1:06,1/0/1900 1:06,null,null,null,null,9.84133318,0,,9.84133318,9841.33318,,540,#VALUE!,540,,18.22469107,,,134,8.68767563,,0,8.68767563,16.0882882,,134,4.627917139,,0,4.627917139,8.570216924,,,16.0882882,8.570216924,,258.8330172,73.44861812,18.22859389,,0.489463429,28.04418873
135,1,0:48,1:00,36.77209,-94.94183,0:48,1/0/1900 0:48,36.83845,-94.79588,1:00,1/0/1900 1:00,null,null,null,null,14.96210048,0,,14.96210048,14962.10048,,720,#VALUE!,720,,20.78069511,,,135,13.02992329,,0,13.02992329,18.09711568,,135,7.364234399,,0,7.364234399,10.22810333,,,18.09711568,10.22810333,,327.5055959,104.6140977,20.78748887,,0.514421948,29.47420651
136,1,0:57,1:40,36.76775,-94.5192,0:57,1/0/1900 0:57,36.9276,-94.32829,1:13,1/0/1900 1:13,null,null,null,null,24.58868678,0,,24.58868678,24588.68678,,960,#VALUE!,960,,25.6132154,,,136,17.04475976,,0,17.04475976,17.75495808,,136,17.73932016,,0,17.73932016,18.4784585,,,17.75495808,18.4784585,,315.2385364,341.4534285,25.62600174,,0.805363277,46.14391676
138,1,0:36,2:03,37.27308,-95.83714,0:43,1/0/1900 0:43,37.38097,-95.77425,0:57,1/0/1900 0:57,37.50323,-95.68629,1:13,1/0/1900 1:13,13.20779078,15.64323175,,28.85102253,28851.02253,,840,960,1800,,16.02834585,,,138,5.577861004,138,7.790231283,13.36809229,7.426717937,,138,11.97404019,138,13.56914183,25.54318202,14.19065668,,,7.426717937,14.19065668,,55.15613932,201.374737,16.01658129,,1.088641598,62.37456897
138,2,xxx,xxx,37.85582,-95.46478,1:47,1/0/1900 1:47,37.90283,-95.377,1:58,1/0/1900 1:58,37.93553,-95.29636,2:03,1/0/1900 2:03,9.320063986,7.965537038,,17.28560102,17285.60102,,660,300,960,,18.0058344,,,138,7.725003497,138,7.092144899,14.8171484,15.43452958,,138,5.217837076,138,3.629534794,8.84737187,9.216012365,,,15.43452958,9.216012365,,238.2247034,84.93488391,17.97664004,,0.538287034,30.84157521
142,2,1:54,2:13,36.70969,-95.30145,1:54,1/0/1900 1:54,36.7357,-95.2514,2:01,1/0/1900 2:01,36.813,-95.13981,2:13,1/0/1900 2:13,5.321892523,13.14646027,,18.46835279,18468.35279,,420,720,1140,,16.20030946,,,142,4.471913905,142,9.967085175,14.43899908,12.66578867,,142,2.886393491,142,8.578245224,11.46463872,10.05670063,,,12.66578867,10.05670063,,160.4222026,101.1372276,16.17279908,,0.671074803,38.44975392
143,2,1:27,2:52,36.96469,-96.02177,1:47,1/0/1900 1:47,37.04699,-95.90165,2:01,1/0/1900 2:01,37.12486,-95.78306,2:13,1/0/1900 2:13,14.06141237,13.63302393,,27.6944363,27694.4363,,840,720,1560,,17.75284378,,,143,10.69702338,143,10.54939416,21.24641754,13.61949842,,143,9.133468968,143,8.64195446,17.77542343,11.3945022,,,13.61949842,11.3945022,,185.4907372,129.8346804,17.75740459,,0.696681616,39.91691623
143,3,xxx,xxx,37.19973,-95.66422,2:26,1/0/1900 2:26,37.29316,-95.52528,2:39,1/0/1900 2:39,null,null,null,null,16.10834355,0,,16.10834355,16108.34355,,780,#VALUE!,780,,20.6517225,,,143,12.33485733,,0,12.33485733,15.81391965,,143,10.3690732,,0,10.3690732,13.29368359,,,15.81391965,13.29368359,,250.0800547,176.7220234,20.65918871,,0.699030131,40.05147624
145,2,1:47,3:04,37.15085,-95.693,1:47,1/0/1900 1:47,37.21558,-95.54697,2:01,1/0/1900 2:01,37.27866,-95.38083,2:13,1/0/1900 2:13,14.82407462,16.31839558,,31.1424702,31142.4702,,840,720,1560,,19.96312192,,,145,12.97264986,145,14.74654215,27.71919201,17.76871283,,145,7.18380526,145,7.000762195,14.18456746,9.092671446,,,17.76871283,9.092671446,,315.7271556,82.67667402,19.96005585,,0.472982519,27.09990215
145,3,xxx,xxx,37.34808,-95.04087,2:45,1/0/1900 2:45,37.43495,-94.88466,2:58,1/0/1900 2:58,37.43201,-94.87202,3:04,1/0/1900 3:04,16.86128484,1.165304328,,18.02658917,18026.58917,,780,360,1140,,15.81279752,,,145,13.840873,145,1.118666487,14.95953949,13.12240306,,145,9.641266474,145,0.326298206,9.96756468,8.743477789,,,13.12240306,8.743477789,,172.1974621,76.44840385,15.76850868,,0.587749803,33.67558313
146,2,1:54,2:13,37.23574,-94.48451,1:54,1/0/1900 1:54,37.28354,-94.42912,2:01,1/0/1900 2:01,37.37402,-94.2813,2:13,1/0/1900 2:13,7.230873604,16.50666053,,23.73753413,23737.53413,,420,720,1140,,20.82239836,,,146,4.915093705,146,13.10868596,18.02377967,15.81033304,,146,5.304964207,146,10.04181554,15.34677975,13.4620875,,,15.81033304,13.4620875,,249.9666308,181.2277999,20.76522166,,0.705349174,40.41353078
149,1,1:06,3:04,37.11637,-96.24277,1:06,1/0/1900 1:06,37.14373,-96.15443,1:13,1/0/1900 1:13,null,null,null,null,8.416674297,0,,8.416674297,8416.674297,,420,#VALUE!,420,,20.03970071,,,149,7.851291297,,0,7.851291297,18.69355071,,149,3.036415022,,0,3.036415022,7.229559576,,,18.69355071,7.229559576,,349.4488381,52.26653166,20.04283837,,0.369024074,21.14352197
149,2,xxx,xxx,37.27864,-95.76364,1:47,1/0/1900 1:47,37.37069,-95.69157,2:01,1/0/1900 2:01,37.43686,-95.5451,2:13,1/0/1900 2:13,12.04866524,14.9033173,,26.95198254,26951.98254,,840,720,1560,,17.27691188,,,149,6.391586515,149,12.97397496,19.36556148,12.41382146,,149,10.216053,149,7.343892351,17.55994535,11.25637523,,,12.41382146,11.25637523,,154.1029632,126.7059833,16.757355,,0.736538196,42.20053011
149,3,xxx,xxx,37.55265,-95.18444,2:45,1/0/1900 2:45,37.6037,-95.00827,2:58,1/0/1900 2:58,37.64218,-94.94267,3:04,1/0/1900 3:04,16.56104314,7.1957041,,23.75674724,23756.74724,,780,360,1140,,20.83925196,,,149,15.56696389,149,5.792677552,21.35964144,18.73652758,,149,5.665963424,149,4.270870332,9.936833756,8.716520839,,,18.73652758,8.716520839,,351.0574658,75.97773554,20.66483006,,0.435434749,24.94857337
151,2,1:54,2:07,37.43956,-94.94935,1:54,1/0/1900 1:54,37.4809,-94.87881,2:01,1/0/1900 2:01,37.52056,-94.78425,2:07,1/0/1900 2:07,7.745926598,9.449277546,,17.19520414,17195.20414,,420,360,780,,22.04513351,,,151,6.242554755,151,8.363638975,14.60619373,18.7258894,,151,4.588173139,151,4.401746423,8.989919562,11.5255379,,,18.7258894,11.5255379,,350.6589338,132.8380239,21.98856425,,0.551729102,31.61174898
156,2,1:13,2:07,37.49227,-94.71509,1:47,1/0/1900 1:47,37.57464,-94.62068,2:01,1/0/1900 2:01,37.60297,-94.51548,2:07,1/0/1900 2:07,12.37772725,9.808948182,,22.18667543,22186.67543,,840,360,1200,,18.48889619,,,156,8.349106341,156,9.293088895,17.64219524,14.70182936,,156,9.142054134,156,3.144310158,12.28636429,10.23863691,,,14.70182936,10.23863691,,216.1437865,104.8296858,17.91573254,,0.608318729,34.85409574
157,2,2:07,5:30,36.25962,-96.09086,2:07,1/0/1900 2:07,36.31406,-96.04732,2:13,1/0/1900 2:13,null,null,null,null,7.196664162,0,,7.196664162,7196.664162,,360,#VALUE!,360,,19.99073378,,,157,3.912819341,,0,3.912819341,10.86894261,,157,6.040897951,,0,6.040897951,16.78027209,,,10.86894261,16.78027209,,118.1339135,281.5775314,19.99278482,,0.996024548,57.06800292
157,3,xxx,xxx,36.523,-95.86803,2:45,1/0/1900 2:45,36.5491,-95.75545,2:58,1/0/1900 2:58,36.60527,-95.62492,3:18,1/0/1900 3:18,10.48927508,13.24152747,,23.73080255,23730.80255,,780,1200,1980,,11.98525381,,,157,10.08318171,157,11.68693776,21.77011947,10.99500983,,157,2.896290068,157,6.233170042,9.12946011,4.610838439,,,10.99500983,4.610838439,,120.8902412,21.25983111,11.92267052,,0.397081601,22.75109983
157,4,xxx,xxx,36.71832,-95.49895,3:46,1/0/1900 3:46,36.74697,-95.40255,4:00,1/0/1900 4:00,36.75582,-95.32407,4:14,1/0/1900 4:14,9.178892566,7.076792172,,16.25568474,16255.68474,,840,840,1680,,9.676002821,,,157,8.61227323,157,7.008715055,15.62098829,9.298207313,,157,3.179366093,157,0.982110952,4.161477045,2.47706967,,,9.298207313,2.47706967,,86.45665924,6.13587415,9.62250141,,0.260356148,14.91730846
157,5,xxx,xxx,36.82518,-95.09049,4:45,1/0/1900 4:45,36.86065,-94.98701,4:58,1/0/1900 4:58,36.94055,-94.81787,5:17,1/0/1900 5:17,10.03415145,17.4893914,,27.52354285,27523.54285,,780,1140,1920,,14.33517857,,,157,9.231971723,157,15.08286196,24.31483368,12.66397588,,157,3.93627263,157,8.866964847,12.80323748,6.668352853,,,12.66397588,6.668352853,,160.3762851,44.46692977,14.31234484,,0.484669747,27.76953095
158,3,2:39,3:04,37.05123,-95.52103,2:45,1/0/1900 2:45,37.11894,-95.39558,2:58,1/0/1900 2:58,37.17957,-95.26412,3:04,1/0/1900 3:04,13.44913597,13.47830748,,26.92744345,26927.44345,,780,360,1140,,23.62056443,,,158,11.1590174,158,11.6832219,22.8422393,20.03705202,,158,7.514404178,158,6.72874418,14.24314836,12.49398979,,,20.03705202,12.49398979,,401.4834537,156.0997809,23.61320043,,0.557551843,31.94536744
159,3,2:13,4:14,37.25135,-95.39399,2:45,1/0/1900 2:45,37.27308,-95.231,2:58,1/0/1900 2:58,37.29179,-95.05754,3:18,1/0/1900 3:18,14.65779515,15.52218574,,30.17998089,30179.98089,,780,1200,1980,,15.24241459,,,159,14.46011606,159,15.38457071,29.84468677,15.07307413,,159,2.411651098,159,2.076490867,4.488141965,2.266738366,,,15.07307413,2.266738366,,227.1975637,5.13810282,15.24256102,,0.149264775,8.552241637
159,4,xxx,xxx,37.39411,-94.68908,3:46,1/0/1900 3:46,37.48061,-94.50022,4:00,1/0/1900 4:00,37.56345,-94.33365,4:14,1/0/1900 4:14,19.27490231,17.35943233,,36.63433464,36634.33464,,840,840,1680,,21.80615157,,,159,16.72358056,159,14.73283212,31.45641268,18.72405517,,159,9.600276658,159,9.194200506,18.79447716,11.18718879,,,18.72405517,11.18718879,,350.590242,125.153193,21.81154362,,0.53856215,30.85733817
200,22,22:03,22:10,36.5391,-95.19966,22:03,1/0/1900 22:03,36.57145,-95.179,22:10,1/0/1900 22:10,null,null,null,null,4.038344998,0,,4.038344998,4038.344998,,420,#VALUE!,420,,9.615107138,,,200,1.850021084,,0,1.850021084,4.404812105,,200,3.589857719,,0,3.589857719,8.547280283,,,4.404812105,8.547280283,,19.40236968,73.05600024,9.615527542,,1.094946924,62.73583755
12a,0,23:42,23:53,33.8219,-99.29974,23:42,1/0/1900 23:42,33.84968,-99.24323,23:53,1/0/1900 23:53,null,null,null,null,6.070812682,0,,6.070812682,6070.812682,,660,#VALUE!,660,,9.198201033,,,12a,5.231534424,,0,5.231534424,7.926567309,,12a,3.081341585,,0,3.081341585,4.668699371,,,7.926567309,4.668699371,,62.8304693,21.79675382,9.199305578,,0.532287432,30.49782337
130a,1,0:36,1:40,37.68443,-95.17875,0:43,1/0/1900 0:43,37.81514,-95.06668,0:57,1/0/1900 0:57,37.91525,-94.9613,1:13,1/0/1900 1:13,17.5506132,14.47240941,,32.02302261,32023.02261,,840,960,1800,,17.79056812,,,130a,9.885413984,130a,9.278970177,19.16438416,10.64688009,,130a,14.50773129,130a,11.11160206,25.61933335,14.23296297,,,10.64688009,14.23296297,,113.3560557,202.5772349,17.77451239,,0.928548345,53.20190122
134a,1,1:06,1:34,37.1167,-95.24197,1:06,1/0/1900 1:06,37.1632,-95.17416,1:13,1/0/1900 1:13,null,null,null,null,7.932832611,0,,7.932832611,7932.832611,,420,#VALUE!,420,,18.88769669,,,134a,6.02664433,,0,6.02664433,14.34915317,,134a,5.160582417,,0,5.160582417,12.28710099,,,14.34915317,12.28710099,,205.8981967,150.9728507,18.89103087,,0.708137016,40.57326234
138a,1,0:23,1:34,37.31469,-95.59115,0:43,1/0/1900 0:43,37.42606,-95.55274,0:57,1/0/1900 0:57,37.54094,-95.43494,1:13,1/0/1900 1:13,12.8200581,16.46565881,,29.28571691,29285.71691,,840,960,1800,,16.26984273,,,138a,3.404796889,138a,10.42677914,13.83157603,7.684208905,,138a,12.36035455,138a,12.75015509,25.11050964,13.95028313,,,7.684208905,13.95028313,,59.0470665,194.6103994,15.92662757,,1.067317508,61.15278863
139a,1,0:57,1:47,37.64496,-95.33043,0:57,1/0/1900 0:57,37.73804,-95.2007,1:13,1/0/1900 1:13,null,null,null,null,15.41592308,0,,15.41592308,15415.92308,,960,#VALUE!,960,,16.05825321,,,139a,11.44921904,,0,11.44921904,11.92626983,,139a,10.33100943,,0,10.33100943,10.76146816,,,11.92626983,10.76146816,,142.2359121,115.809197,16.06378253,,0.734102619,42.0609818
146b,2,2:07,6:28,37.45763,-94.38673,2:07,1/0/1900 2:07,37.50917,-94.33158,2:13,1/0/1900 2:13,null,null,null,null,7.517559033,0,,7.517559033,7517.559033,,360,#VALUE!,360,,20.88210843,,,146b,4.879417339,,0,4.879417339,13.55393705,,146b,5.720255761,,0,5.720255761,15.88959934,,,13.55393705,15.88959934,,183.7092096,252.4793672,20.88512812,,0.86455922,49.53559447
146b,3,xxx,xxx,37.53805,-94.02985,2:45,1/0/1900 2:45,37.61131,-93.87711,3:00,1/0/1900 3:00,37.62267,-93.69577,3:14,1/0/1900 3:14,15.75324094,16.05958741,,31.81282835,31812.82835,,900,840,1740,,18.28323468,,,146b,13.4992445,146b,16.0112346,29.5104791,16.96004546,,146b,8.131013401,146b,1.260837784,9.391851185,5.397615624,,,16.96004546,5.397615624,,287.643142,29.13425442,17.79824139,,0.308119039,17.6539205
146b,4,xxx,xxx,37.69308,-93.35104,3:48,1/0/1900 3:48,37.73602,-93.19658,4:02,1/0/1900 4:02,37.77534,-93.1033,4:18,1/0/1900 4:18,14.42885885,9.306802929,,23.73566178,23735.66178,,840,960,1800,,13.18647877,,,146b,13.62294663,146b,8.222293196,21.84523983,12.13624435,,146b,4.765957062,146b,4.364199874,9.130156936,5.072309409,,,12.13624435,5.072309409,,147.2884269,25.72832274,13.15358315,,0.395881733,22.6823525
146b,5,xxx,xxx,37.91484,-92.92062,4:44,1/0/1900 4:44,37.99495,-92.7674,5:03,1/0/1900 5:03,38.06583,-92.66091,5:15,1/0/1900 5:15,16.13679834,12.21919266,,28.355991,28355.991,,1140,720,1860,,15.24515645,,,146b,13.47323575,146b,9.353919629,22.82715538,12.27266418,,146b,8.891859384,146b,7.867471034,16.75933042,9.010392698,,,12.27266418,9.010392698,,150.6182861,81.18717657,15.22515887,,0.633301738,36.28551674
146b,6,xxx,xxx,38.12634,-92.34636,5:47,1/0/1900 5:47,38.15611,-92.17175,6:00,1/0/1900 6:00,38.17928,-92.03141,6:14,1/0/1900 6:14,15.65958334,12.56432504,,28.22390839,28223.90839,,780,840,1620,,17.42216567,,,146b,15.3100753,146b,12.30023045,27.61030575,17.04339861,,146b,3.304444718,146b,2.571861945,5.876306663,3.627349792,,,17.04339861,3.627349792,,290.4774362,13.15766651,17.42512848,,0.209701297,12.0149993
1a,20,19:11,20:19,34.36426,-98.60789,19:47,1/0/1900 19:47,34.40576,-98.55546,19:58,1/0/1900 19:58,34.4873,-98.45917,20:13,1/0/1900 20:13,6.666507661,12.65385996,,19.32036762,19320.36762,,660,900,1560,,12.38485104,,,1a,4.822961175,1a,8.853210713,13.67617189,8.766776851,,1a,4.603568408,1a,9.045271094,13.6488395,8.749256091,,,8.766776851,8.749256091,,76.85637636,76.54948215,12.38571187,,0.784397894,44.94268878
1b,20,19:37,21:53,34.261,-98.68137,19:47,1/0/1900 19:47,34.31401,-98.62376,19:58,1/0/1900 19:58,34.41139,-98.52234,20:13,1/0/1900 20:13,7.91915879,14.27344573,,22.19260452,22192.60452,,660,900,1560,,14.22602854,,,1b,5.305954365,1b,9.335047171,14.64100154,9.385257395,,1b,5.880271529,1b,10.80226156,16.68253309,10.69393147,,,9.385257395,10.69393147,,88.08305637,114.3601703,14.22825452,,0.850481757,48.72901521
1b,21,xxx,xxx,34.56979,-98.28764,20:46,1/0/1900 20:46,34.62288,-98.22374,20:57,1/0/1900 20:57,34.7116,-98.13599,21:15,1/0/1900 21:15,8.30941788,12.71039676,,21.01981464,21019.81464,,660,1080,1740,,12.08035324,,,1b,5.863679843,1b,8.047114901,13.91079474,7.994709623,,1b,5.889443727,1b,9.84210837,15.7315521,9.041121895,,,7.994709623,9.041121895,,63.91538196,81.74188512,12.06885525,,0.846745285,48.51493116
1b,22,xxx,xxx,34.86509,-98.01813,21:48,1/0/1900 21:48,34.91236,-97.96281,21:53,1/0/1900 21:53,null,null,null,null,7.285076016,0,,7.285076016,7285.076016,,300,#VALUE!,300,,24.28358672,,,1b,5.058336125,,0,5.058336125,16.86112042,,1b,5.244064712,,0,5.244064712,17.48021571,,,16.86112042,17.48021571,,284.2973818,305.5579413,24.28693729,,0.80342391,46.03279922
1c,21,20:40,21:03,34.48796,-98.5369,20:46,1/0/1900 20:46,34.56966,-98.47465,20:57,1/0/1900 20:57,null,null,null,null,10.71459629,0,,10.71459629,10714.59629,,660,#VALUE!,660,,16.2342368,,,1c,5.717860539,,0,5.717860539,8.663425059,,1c,9.063142224,,0,9.063142224,13.73203367,,,8.663425059,13.73203367,,75.05493375,188.5687487,16.23649231,,1.00797155,57.75251569
1d,19,19:05,19:58,34.27695,-98.73127,19:05,1/0/1900 19:05,34.34871,-98.69103,19:16,1/0/1900 19:16,null,null,null,null,8.779718679,0,,8.779718679,8779.718679,,660,#VALUE!,660,,13.30260406,,,1d,3.705455584,,0,3.705455584,5.614326642,,1d,7.960196802,,0,7.960196802,12.06090425,,,5.614326642,12.06090425,,31.52066364,145.4654113,13.30361135,,1.135129279,65.03811691
1d,20,xxx,xxx,34.54878,-98.56546,19:47,1/0/1900 19:47,34.61773,-98.50701,19:58,1/0/1900 19:58,null,null,null,null,9.341475327,0,,9.341475327,9341.475327,,660,#VALUE!,660,,14.1537505,,,1d,5.364918188,,0,5.364918188,8.128663921,,1d,7.648827897,,0,7.648827897,11.58913318,,,8.128663921,11.58913318,,66.07517714,134.3080079,14.15567678,,0.959128728,54.95402811
35a,20,19:39,20:09,34.74332,-96.92831,19:45,1/0/1900 19:45,34.88086,-96.81038,20:02,1/0/1900 20:02,34.9225,-96.80138,20:09,1/0/1900 20:09,18.68804668,4.692155487,,23.38020216,23380.20216,,1020,420,1440,,16.2362515,,,35a,10.79912314,35a,0.822782602,11.62190574,8.070767876,,35a,15.25829397,35a,4.619490605,19.87778458,13.80401707,,,8.070767876,13.80401707,,65.13729411,190.5508873,15.9902527,,1.041726599,59.68653752
37a,20,20:02,21:03,35.22804,-97.22879,20:02,1/0/1900 20:02,35.31707,-97.14421,20:16,1/0/1900 20:16,null,null,null,null,12.52137471,0,,12.52137471,12521.37471,,840,#VALUE!,840,,14.90639846,,,37a,7.699671024,,0,7.699671024,9.166275029,,37a,9.877484462,,0,9.877484462,11.75891007,,,9.166275029,11.75891007,,84.02059791,138.271966,14.909479,,0.908670152,52.06296466
37a,21,xxx,xxx,35.58548,-96.98298,20:56,1/0/1900 20:56,35.62899,-96.96756,21:03,1/0/1900 21:03,null,null,null,null,5.025632298,0,,5.025632298,5025.632298,,420,#VALUE!,420,,11.96579119,,,37a,1.397563455,,0,1.397563455,3.327532036,,37a,4.82751006,,0,4.82751006,11.49407157,,,3.327532036,11.49407157,,11.07246945,132.1136813,11.96604156,,1.289000314,73.85427777
3a,21,20:24,20:57,35.04122,-98.4355,20:46,1/0/1900 20:46,35.1507,-98.41721,20:57,1/0/1900 20:57,35.22693,-98.386,21:09,1/0/1900 21:09,12.2599248,8.922183775,,21.18210857,21182.10857,,660,720,1380,,15.34935404,,,3a,1.668822888,3a,2.843870339,4.512693227,3.270067556,,3a,12.1459666,3a,8.457263877,20.60323048,14.92987716,,,3.270067556,14.92987716,,10.69334182,222.901232,15.28380103,,1.355172927,77.64568925
41a,23,23:02,23:44,36.28491,-97.42922,23:02,1/0/1900 23:02,36.36215,-97.35532,23:13,1/0/1900 23:13,null,null,null,null,10.83948575,0,,10.83948575,10839.48575,,660,#VALUE!,660,,16.42346326,,,41a,6.63904704,,0,6.63904704,10.05916218,,41a,8.570937322,,0,8.570937322,12.98626867,,,10.05916218,12.98626867,,101.1867438,168.643174,16.42650047,,0.911736283,52.23864104
4a,20,20:03,20:29,33.98403,-99.01173,20:03,1/0/1900 20:03,34.04988,-98.9387,20:13,1/0/1900 20:13,null,null,null,null,9.942546567,0,,9.942546567,9942.546567,,600,#VALUE!,600,,16.57091095,,,4a,6.74812312,,0,6.74812312,11.24687187,,4a,7.304259289,,0,7.304259289,12.17376548,,,11.24687187,12.17376548,,126.4921269,148.200566,16.5738557,,0.824953455,47.26635128
4b,21,20:19,21:26,34.29962,-98.87404,20:46,1/0/1900 20:46,34.40063,-98.85011,20:57,1/0/1900 20:57,34.52837,-98.79675,21:15,1/0/1900 21:15,11.41916411,14.99444749,,26.41361161,26413.61161,,660,1080,1740,,15.18023656,,,4b,2.202975717,4b,4.906388716,7.109364433,4.085841628,,4b,11.20491061,4b,14.17030087,25.37521148,14.58345487,,,4.085841628,14.58345487,,16.69410181,212.6771559,15.14500768,,1.297630303,74.34873971
4ba,21,20:46,21:03,34.34731,-98.6496,20:46,1/0/1900 20:46,34.454,-98.58581,20:57,1/0/1900 20:57,34.50948,-98.56041,21:03,1/0/1900 21:03,13.20879449,6.581898249,,19.79069274,19790.69274,,660,360,1020,,19.40263994,,,4ba,5.869132742,4ba,2.334016071,8.203148813,8.042302758,,4ba,11.83508366,4ba,6.154458376,17.98954204,17.63680592,,,8.042302758,17.63680592,,64.67863365,311.0569231,19.38389942,,1.142967805,65.48723134
4c,22,21:26,22:03,34.79947,-98.72835,21:48,1/0/1900 21:48,34.89512,-98.6606,22:03,1/0/1900 22:03,null,null,null,null,12.28783646,0,,12.28783646,12287.83646,,900,#VALUE!,900,,13.65315162,,,4c,6.199823945,,0,6.199823945,6.888693272,,4c,10.61119877,,0,10.61119877,11.79022086,,,6.888693272,11.79022086,,47.454095,139.0093079,13.6551603,,1.04202198,59.7034616
5a,21,20:52,21:26,33.4754,-99.24889,20:52,1/0/1900 20:52,33.54202,-99.18179,20:57,1/0/1900 20:57,33.60456,-99.15484,21:15,1/0/1900 21:15,9.667829055,7.374093148,,17.0419222,17041.9222,,300,1080,1380,,12.34921899,,,5a,6.236865633,5a,2.503051927,8.73991756,6.333273594,,5a,7.389060298,5a,6.936605499,14.3256658,10.38091724,,,6.333273594,10.38091724,,40.11035442,107.7634427,12.16033705,,1.022992141,58.61313217
5b,21,20:57,21:03,33.69658,-99.08875,20:57,1/0/1900 20:57,33.72149,-99.06067,21:03,1/0/1900 21:03,null,null,null,null,3.795965683,0,,3.795965683,3795.965683,,360,#VALUE!,360,,10.54434912,,,5b,2.603351889,,0,2.603351889,7.231533025,,5b,2.762945996,,0,2.762945996,7.674849989,,,7.231533025,7.674849989,,52.29506989,58.90332235,10.54506483,,0.815129476,46.70347873
60b,1,1:06,1:41,36.36926,-95.9251,1:06,1/0/1900 1:06,36.4126,-95.88416,1:13,1/0/1900 1:13,null,null,null,null,6.05145107,0,,6.05145107,6051.45107,,420,#VALUE!,420,,14.40821683,,,60b,3.674016285,,0,3.674016285,8.747657821,,60b,4.809277874,,0,4.809277874,11.4506616,,,8.747657821,11.4506616,,76.52151735,131.1176511,14.40969009,,0.918430977,52.62221874
6a,0,xxx,xxx,35.95306,-95.44923,23:44,1/0/1900 23:44,36.03541,-95.36202,23:58,1/0/1900 23:58,36.17791,-95.32085,0:16,1/0/1900 0:16,12.0553622,16.24067472,,28.29603691,28296.03691,,840,1080,1920,,14.73751922,,,6a,7.867832114,6a,3.710378835,11.57821095,6.030318203,,6a,9.13746491,6a,15.81193955,24.94940446,12.99448149,,,6.030318203,12.99448149,,36.36473763,168.8565492,14.32554665,,1.136305539,65.1055116
6a,20,19:45,0:36,34.50632,-97.06303,19:45,1/0/1900 19:45,34.64515,-96.97345,20:02,1/0/1900 20:02,34.73592,-96.95353,20:16,1/0/1900 20:16,17.45698035,10.23365709,,27.69063744,27690.63744,,1020,840,1860,,14.88743948,,,6a,8.226404363,6a,1.826275766,10.05268013,5.404666736,,6a,15.40080446,6a,10.06956264,25.4703671,13.69374575,,,5.404666736,13.69374575,,29.21042253,187.5186727,14.72172188,,1.194883342,68.46177252
6a,21,xxx,xxx,34.94691,-96.79983,20:42,1/0/1900 20:42,35.04313,-96.71783,20:56,1/0/1900 20:56,35.18785,-96.5944,21:16,1/0/1900 21:16,13.03803998,19.60578869,,32.64382867,32643.82867,,840,1200,2040,,16.0018768,,,6a,7.49046136,6a,11.26178252,18.75224388,9.192276412,,6a,10.67469331,6a,16.05562625,26.73031956,13.10309782,,,9.192276412,13.10309782,,84.49794563,171.6911725,16.00590885,,0.959041176,54.94901175
6a,22,xxx,xxx,35.34392,-96.42105,21:47,1/0/1900 21:47,35.40224,-96.33779,21:59,1/0/1900 21:59,35.4854,-96.21274,22:18,1/0/1900 22:18,9.955451393,14.62984949,,24.58530088,24585.30088,,720,1140,1860,,13.2179037,,,6a,7.568713864,6a,11.35943991,18.92815377,10.17642676,,6a,6.470453672,6a,9.226495926,15.6969496,8.439220214,,,10.17642676,8.439220214,,103.5596616,71.22043782,13.22044248,,0.692347953,39.66861564
6a,23,xxx,xxx,35.60825,-96.02921,22:43,1/0/1900 22:43,35.66576,-95.89704,22:58,1/0/1900 22:58,35.7678,-95.74654,23:13,1/0/1900 23:13,13.5656769,17.70962527,,31.27530217,31275.30217,,900,900,1800,,17.37516787,,,6a,11.97559271,6a,13.62666218,25.60225489,14.22347494,,6a,6.380865969,6a,11.3217216,17.70258757,9.834770872,,,14.22347494,9.834770872,,202.3072394,96.7227181,17.29248269,,0.604962211,34.66178145
8a,23,22:25,23:23,34.79574,-97.2378,22:43,1/0/1900 22:43,34.89675,-97.19395,22:58,1/0/1900 22:58,35.01556,-97.05128,23:13,1/0/1900 23:13,11.90185922,18.53482557,,30.43668479,30436.68479,,900,900,1800,,16.90926933,,,8a,4.012908152,8a,13.0404208,17.05332895,9.47407164,,8a,11.20582334,8a,13.18075431,24.38657765,13.54809869,,,9.47407164,13.54809869,,89.75803344,183.5509781,16.53206011,,0.960545955,55.03522927
